Machine,SKUCode,Priority,CycleTime_min,Cycles,Units_Planned,Mins_Used,Days_Used
4407,1D25213812090FXPC0,4.0448,17,2210,4420,37570,26.09
4416,1D25212812086FXPC0,4.0401,19,1060,2120,20140,13.99
4802,1D25212812086FXPC0,4.0401,19,896,1792,17024,11.82
4802,1325214812074TUHL0,2.0365,15,1349,2698,20235,14.05
9201,1D25212812086FXPC0,4.0401,19,565,1130,10735,7.45
9413,1D25212812086FXPC0,4.0401,19,1062,2124,20178,14.01
9414,1D25212812086FXPC0,4.0401,19,706,1412,13414,9.32
14804,1325219416089HRHE0,4.0102,16,1898,3796,30368,21.09
14812,1325219416089HRHE0,4.0102,16,921,1842,14736,10.23
15203,1325219416089HRHE0,4.0102,16,2790,5580,44640,31.0
15211,1325219416089HRHE0,4.0102,16,2662,5324,42592,29.58
15211,1325220416092VURP0,3.0,15,6,12,90,0.06
15211,1325123715105SRXT0,2.0013,20,67,134,1340,0.93
24810,1325219416089HRHE0,4.0102,16,201,402,3216,2.23
24810,1325220516095HUTR0,2.0117,19,591,1182,11229,7.8
14807,1225223516121PSKP0,4.0095,27,646,1292,17442,12.11
14807,1D25215Z13008QXPC0,4.0073,20,914,1828,18280,12.69
75209,1225223516121PSKP0,4.0095,27,546,1092,14742,10.24
75227,1225223516121PSKP0,4.0095,27,1653,3306,44631,30.99
4901,1325213615099MSXT0,4.0092,16,684,1368,10944,7.6
4902,1325213615099MSXT0,4.0092,16,396,792,6336,4.4
4902,1225121Z14112LSTL0,2.0026,33,127,254,4191,2.91
4924,1325213615099MSXT0,4.0092,16,1354,2708,21664,15.04
8606,1325213615099MSXT0,4.0092,16,677,1354,10832,7.52
4402,1225221715115SSTL0,4.008,30,446,892,13380,9.29
4909,1225221715115SSTL0,4.008,30,361,722,10830,7.52
9403,1225221715115SSTL0,4.008,30,116,232,3480,2.42
9403,1225219015008SLTB0,3.0004,27,150,300,4050,2.81
9403,1325123715105SBRT0,2.0117,21,224,448,4704,3.27
9703,1225221715115SSTL0,4.008,30,289,578,8670,6.02
15212,1D25215Z13008QXPC0,4.0073,20,823,1646,16460,11.43
24802,1D25215Z13008QXPC0,4.0073,20,538,1076,10760,7.47
24802,1325219316087VUTR0,2.0102,17,126,252,2142,1.49
24802,1325221417100HURS0,2.0004,15,90,180,1350,0.94
24815,1D25215Z13008QXPC0,4.0073,20,737,1474,14740,10.24
75204,1D25215Z13008QXPC0,4.0073,20,723,1446,14460,10.04
75206,1D25215Z13008QXPC0,4.0073,20,617,1234,12340,8.57
75206,1325217514082TUTR0,2.0073,17,1043,2086,17731,12.31
75219,1D25215Z13008QXPC0,4.0073,20,1216,2432,24320,16.89
14801,1225221716010SXC10,4.001,15,650,1300,9750,6.77
14801,1325216514079TTMX0,3.0001,17,83,166,1411,0.98
75226,1225121716010SXC10,4.0006,15,971,1942,14565,10.11
75226,1325216814085SUTR0,2.0076,17,1090,2180,18530,12.87
14802,1325216814085TURL0,3.0025,15,1391,2782,20865,14.49
14802,1325215613075TUHL0,2.0134,15,161,322,2415,1.68
15205,1325216814085TURL0,3.0025,15,911,1822,13665,9.49
15205,1325222317101VUX10,3.0002,16,48,96,768,0.53
24820,1325216814085TURL0,3.0025,15,1123,2246,16845,11.7
24820,1325215813079STMX0,3.0,16,827,1654,13232,9.19
75207,1325223916120QRAB0,3.0017,31,93,186,2883,2.0
75207,1325219316087VUTR0,2.0102,17,1569,3138,26673,18.52
75207,1325216814085SUTR0,2.0076,17,727,1454,12359,8.58
75215,1325223916120QRAB0,3.0017,31,477,954,14787,10.27
15213,1325226517112HRHT0,3.001,17,1539,3078,26163,18.17
15213,1325222417099HURL0,3.0,17,230,460,3910,2.72
4411,1325218614088HURL0,3.0003,17,1328,2656,22576,15.68
4411,1325216513077TUHL0,2.0044,16,918,1836,14688,10.2
75229,1325218614088HURL0,3.0003,17,381,762,6477,4.5
75229,1325217514082TUTR0,2.0073,17,1389,2778,23613,16.4
75228,1225175016012NJTL0,3.0002,43,82,164,3526,2.45
75228,1325220516095HTMX0,3.0001,15,1310,2620,19650,13.65
24809,1325220515094VTMX0,3.0001,18,1131,2262,20358,14.14
75211,1225222615008RXC10,3.0001,27,47,94,1269,0.88
24823,1325220515094VURL1,3.0001,18,47,94,846,0.59
24823,1325214813075STMX0,2.0057,16,996,1992,15936,11.07
75225,1325222417099HURL0,3.0,17,764,1528,12988,9.02
75225,1325216814085SUTR0,2.0076,17,650,1300,11050,7.67
9507,1325215813079STMX0,3.0,16,138,276,2208,1.53
24804,1325215813079STMX0,3.0,16,913,1826,14608,10.14
24804,1325221417100HURL1,2.0263,20,1486,2972,29720,20.64
4403,1325214812074TUHL0,2.0365,15,893,1786,13395,9.3
4405,1325214812074TUHL0,2.0365,15,893,1786,13395,9.3
4408,1325214812074TUHL0,2.0365,15,1341,2682,20115,13.97
4412,1325214812074TUHL0,2.0365,15,730,1460,10950,7.6
4413,1325214812074TUHL0,2.0365,15,730,1460,10950,7.6
4414,1325214812074TUHL0,2.0365,15,708,1416,10620,7.38
4414,1225119015010QSTL0,2.0025,31,1,2,31,0.02
4801,1325214812074TUHL0,2.0365,15,856,1712,12840,8.92
9406,1325214812074TUHL0,2.0365,15,448,896,6720,4.67
9407,1325214812074TUHL0,2.0365,15,2976,5952,44640,31.0
9412,1325214812074TUHL0,2.0365,15,730,1460,10950,7.6
9504,1325214812074TUHL0,2.0365,15,456,912,6840,4.75
9506,1325214812074TUHL0,2.0365,15,148,296,2220,1.54
24812,1325221715100SRHT0,2.0292,18,80,160,1440,1.0
24812,1325223715105SRXT0,2.0048,20,496,992,9920,6.89
24812,1325218515088TURL0,2.0031,16,127,254,2032,1.41
24812,1325220316091VURL1,2.0029,16,1002,2004,16032,11.13
14806,1325216814085STMX0,2.0292,16,2043,4086,32688,22.7
14806,1325216614081STMX0,2.0263,16,630,1260,10080,7.0
54801,1325216814085STMX0,2.0292,16,2357,4714,37712,26.19
75222,1325221417100HURL1,2.0263,20,802,1604,16040,11.14
75222,1325215813079SUHL0,2.0175,16,1768,3536,28288,19.64
75201,1325215813079SUHL0,2.0175,16,483,966,7728,5.37
75201,1325123715105SRXT0,2.0013,20,322,644,6440,4.47
75203,1325215813079SUHL0,2.0175,16,921,1842,14736,10.23
9505,1325215613075TUHL0,2.0134,15,148,296,2220,1.54
14813,1325215613075TUHL0,2.0134,15,2976,5952,44640,31.0
75205,1325215613075TUHL0,2.0134,15,1294,2588,19410,13.48
75205,1325223616105HRHT0,2.0042,18,256,512,4608,3.2
4907,1325119015008SRBT0,2.0117,29,377,754,10933,7.59
4919,1325119015008SRBT0,2.0117,29,373,746,10817,7.51
4921,1325119015008SRBT0,2.0117,29,1539,3078,44631,30.99
8702,1325119015008SRBT0,2.0117,29,1539,3078,44631,30.99
9002,1325119015008SRBT0,2.0117,29,149,298,4321,3.0
9002,1225219015010QSTL0,2.0042,31,204,408,6324,4.39
4410,1325123715105SBRT0,2.0117,21,521,1042,10941,7.6
4903,1325123715105SBRT0,2.0117,21,521,1042,10941,7.6
4905,1325123715105SBRT0,2.0117,21,2125,4250,44625,30.99
4916,1325123715105SBRT0,2.0117,21,521,1042,10941,7.6
24814,1325220516095HUTR0,2.0117,19,2236,4472,42484,29.5
75218,1325220516095HUTR0,2.0117,19,768,1536,14592,10.13
75221,1325220516095HUTR0,2.0117,19,325,650,6175,4.29
24819,1325219316087VURL0,2.0117,16,2656,5312,42496,29.51
24825,1325219316087VURL0,2.0117,16,921,1842,14736,10.23
75224,1325219316087VURL0,2.0117,16,384,768,6144,4.27
75224,1325216513077TUHL0,2.0044,16,510,1020,8160,5.67
15204,1325219316087VUTR0,2.0102,17,1787,3574,30379,21.1
15207,1325220515094VUTR0,2.0089,17,1309,2618,22253,15.45
15207,1325221416095VURS0,2.0004,15,110,220,1650,1.15
24824,1325220515094VUTR0,2.0089,17,1739,3478,29563,20.53
4401,1225121715115SSTL0,2.0083,30,1113,2226,33390,23.19
4417,1225121715115SSTL0,2.0083,30,356,712,10680,7.42
4906,1225121715115SSTL0,2.0083,30,244,488,7320,5.08
4906,1325121715100SRBT0,2.0073,15,835,1670,12525,8.7
4918,1225121715115SSTL0,2.0083,30,365,730,10950,7.6
4922,1225121715115SSTL0,2.0083,30,352,704,10560,7.33
4922,1225121Z14112LSTL0,2.0026,33,2,4,66,0.05
9704,1225121715115SSTL0,2.0083,30,371,742,11130,7.73
4911,1325121715100SRBT0,2.0073,15,856,1712,12840,8.92
9701,1325121715100SRBT0,2.0073,15,730,1460,10950,7.6
15209,1325121715100SRXT0,2.0073,20,1885,3770,37700,26.18
24806,1325121715100SRXT0,2.0073,20,599,1198,11980,8.32
15202,1325221715100SRXT0,2.0058,20,2000,4000,40000,27.78
15202,1325114613071TTMX0,2.0002,15,74,148,1110,0.77
24807,1325214813075STMX0,2.0057,16,929,1858,14864,10.32
24822,1325223715105SRXT0,2.0048,20,1116,2232,22320,15.5
9404,1225219015010QSTL0,2.0042,31,1226,2452,38006,26.39
9404,1225119015010QSTL0,2.0025,31,83,166,2573,1.79
9404,1225222716121MXC11,2.0016,34,101,202,3434,2.38
24801,1325223616105HRHT0,2.0042,18,1117,2234,20106,13.96
24811,1325218515088TURL0,2.0031,16,921,1842,14736,10.23
4912,1225121Z14112LSTL0,2.0026,33,389,778,12837,8.91
4925,1225121Z14112LSTL0,2.0026,33,328,656,10824,7.52
9203,1225119015010QSTL0,2.0025,31,71,142,2201,1.53
9401,1225119015010QSTL0,2.0025,31,353,706,10943,7.6
9405,1225119015010QSTL0,2.0025,31,216,432,6696,4.65
9410,1225119015010QSTL0,2.0025,31,67,134,2077,1.44
75213,1325217614084HURL1,2.002,16,690,1380,11040,7.67
9001,1225222716121MXC11,2.0016,34,322,644,10948,7.6
9402,1225222716121MXC11,2.0016,34,90,180,3060,2.12
9402,1D25214012006QXC10,2.0007,18,186,372,3348,2.33
24821,1325219316087VURP0,2.0009,16,305,610,4880,3.39
24821,1325218515088TURS0,2.0004,15,150,300,2250,1.56
24808,1325223517104HRPG0,2.0008,15,290,580,4350,3.02
24816,1325220416092VURL0,2.0008,18,279,558,5022,3.49
24805,1325218515088HURP0,2.0007,17,228,456,3876,2.69
24805,1325217514082HURP0,2.0006,16,211,422,3376,2.34
15201,1325216814085TURS0,2.0004,15,150,300,2250,1.56
75214,1325217515084HURP0,2.0002,15,74,148,1110,0.77
14809,1325219416089HRHE0,4.0102,16,40,80,640,0.44
14811,1225223516121PSKP0,4.0095,27,12,24,324,0.23
4913,1325213615099MSXT0,4.0092,16,39,78,624,0.43
4924,1225221715115SSTL0,4.008,30,21,42,630,0.44
75210,1D25215Z13008QXPC0,4.0073,20,64,128,1280,0.89
14811,1325216814085TURL0,3.0025,15,2,4,30,0.02
75210,1325223916120QRAB0,3.0017,31,10,20,310,0.22
14809,1325218614088HURL0,3.0003,17,4,8,68,0.05
14811,1325222317101VUX10,3.0002,16,38,76,608,0.42
14809,1325216514079TTMX0,3.0001,17,1,2,17,0.01
14809,1325222417099HURL0,3.0,17,36,72,612,0.42
14811,1325215813079STMX0,3.0,16,57,114,912,0.63
75210,1225220Z16008RXC10,3.0,27,10,20,270,0.19
9803,1325216814085STMX0,2.0292,16,20,40,320,0.22
14809,1325221417100HURL1,2.0263,20,16,32,320,0.22
15201,1325215813079SUHL0,2.0175,16,38,76,608,0.42
75210,1325215613075TUHL0,2.0134,15,21,42,315,0.22
4924,1325119015008SRBT0,2.0117,29,23,46,667,0.46
4924,1325123715105SBRT0,2.0117,21,88,176,1848,1.28
14811,1325220516095HUTR0,2.0117,19,80,160,1520,1.06
14809,1325219316087VURL0,2.0117,16,39,78,624,0.43
75210,1325219316087VUTR0,2.0102,17,18,36,306,0.21
15201,1325220515094VUTR0,2.0089,17,1,2,17,0.01
4924,1225121715115SSTL0,2.0083,30,33,66,990,0.69
24817,1325216814085SUTR0,2.0076,17,124,248,2108,1.46
4924,1325121715100SRBT0,2.0073,15,79,158,1185,0.82
15201,1325121715100SRXT0,2.0073,20,16,32,320,0.22
75210,1325217514082TUTR0,2.0073,17,68,136,1156,0.8
14809,1325214813075STMX0,2.0057,16,19,38,304,0.21
15201,1325223715105SRXT0,2.0048,20,16,32,320,0.22
24808,1325216513077TUHL0,2.0044,16,75,150,1200,0.83
14809,1325223616105HRHT0,2.0042,18,51,102,918,0.64
14811,1325218515088TURL0,2.0031,16,20,40,320,0.22
4924,1225121Z14112LSTL0,2.0026,33,55,110,1815,1.26
15201,1325123715105SRXT0,2.0013,20,61,122,1220,0.85
75210,1325221416095VURS0,2.0004,15,40,80,600,0.42
14811,1325221417100HURS0,2.0004,15,60,120,900,0.62
24817,1325221317098VUX10,2.0,17,2,4,34,0.02
