MouldNo,Compatible_SKUs,Life_Remaining,Assigned_Machine
B11570R14STAXTDC01,1325211615088MSXT0,3000,FREE
B11570R14STAXTGR01,1325211615088MSXT0,3000,FREE
B11570R14STAXTMK01,1325211615088MSXT0,3000,FREE
B11570R14STAXTMK02,1325211615088MSXT0,3000,FREE
B11570R14STAXTMK03,1325211615088MSXT0,3000,FREE
B11570R14STAXTMK04,1325211615088MSXT0,3000,FREE
B11570R14STAXTMK05,1325211615088MSXT0,3000,FREE
B1208012ULTXPCHM01,1D25212812086FXPC0,2267,9408
B1208012ULTXPCHM02,1D25212812086FXPC0,2267,9408
B1208012ULXPC1GC01,1D25212812074FXC10,1221,9410
B1208012ULXPC1GC02,1D25212812074FXC10,3000,FREE
B1208012ULXPC1GC03,1D25212812074FXC10,1221,9410
B1208012ULXPC1GC04,1D25212812074FXC10,2708,9506
B1208012ULXPC1GC05,1D25212812074FXC10,2919,9505
B1208012ULXPC1GC06,1D25212812074FXC10,2555,9507
B1208012UXPC1HMI01,"1D25212812074FXC10, 1H25212812066SXC10",2919,9505
B1208012UXPC1HMI02,"1D25212812074FXC10, 1H25212812066SXC10",2708,9506
B13080R12ULXPCGC01,1D25213812090FXPC0,1743,9503
B13080R12ULXPCGC02,1D25213812090FXPC0,1142,4409
B13080R12ULXPCGC03,1D25213812090FXPC0,1315,9502
B13080R12ULXPCGC04,1D25213812090FXPC0,3000,FREE
B13080R12UXPCHMI01,1D25213812090FXPC0,1142,4409
B13080R12UXPCHMI02,1D25213812090FXPC0,1315,9502
B13080R12UXPCHMI03,1D25213812090FXPC0,3000,FREE
B13080R12UXPCHMI04,1D25213812090FXPC0,806,4404
B13080R12UXPCHMI05,1D25213812090FXPC0,1417,4415
B13080R12UXPCHMI06,1D25213812090FXPC0,1417,4415
B13080R12UXPCHMI07,1D25213812090FXPC0,806,4404
B13080R12UXPCHMI08,1D25213812090FXPC0,1743,9503
B1357012ULTLXTMK04,"1325213612065SULX0, 1325213612065SULX1, 1325213612069SULXT",3000,FREE
B1357012ULTLXTMK05,"1325213612065SULX0, 1325213612065SULX1, 1325213612069SULXT",3000,FREE
B1357012ULTLXTMK06,"1325213612065SULX0, 1325213612065SULX1, 1325213612069SULXT",3000,FREE
B1357012ULTLXTMK07,"1325213612065SULX0, 1325213612065SULX1, 1325213612065SULXT, 1325213612069SULXT",3000,FREE
B13570R15STRXTHM01,1325213615099MSXT0,3000,FREE
B13570R15STRXTHM02,1325213615099MSXT0,3000,FREE
B13570R15STRXTHM03,1325213615099MSXT0,3000,FREE
B13570R15STRXTHM04,1325213615099MSXT0,3000,FREE
B13570R15STRXTSX01,1325213615099MSXT0,3000,FREE
B13570R15STRXTSX02,1325213615099MSXT0,3000,FREE
B13570R15STRXTSX03,1325213615099MSXT0,3000,FREE
B13570R15STRXTSX04,1325213615099MSXT0,3000,FREE
B13570R15STRXTSX05,1325213615099MSXT0,3000,FREE
B13570R15STRXTSX06,1325213615099MSXT0,3000,FREE
B14512STKINGLTGC01,"1D25114012008QSTL0, 1D25214012008QSTL0",2949,9404
B14512STKINGLTGC02,"1D25114012008QSTL0, 1D25214012008QSTL0",2949,9404
B14512ULTXPC1HMI01,1D25214012006QXC10,3000,FREE
B14512ULTXPC1HMI02,1D25214012006QXC10,3000,FREE
B1457012ULTIMADC09,"1325114612069TCUL0, 1325214612069TCUL0",3000,FREE
B1457012ULTIMADC11,"1325114612069TCUL0, 1325214612069TCUL0",3000,FREE
B1457012ULTIMADC13,"1325114612069TCUL0, 1325214612069TCUL0",3000,FREE
B1457012ULTIMADC20,"1325114612069TCUL0, 1325214612069TCUL0",3000,FREE
B1457012ULTIXPDC06,1325114612069TULX0,3000,FREE
B1457012ULTIXPDC08,"1325114612069TULX0, 1325214612069TULT0",3000,FREE
B1457012ULTIXPDC09,"1325114612069TULX0, 1325214612069TULT0",3000,FREE
B1457012ULTIXPMK01,1325114612069TULX0,3000,FREE
B1457012ULTIXPMK05,1325114612069TULX0,3000,FREE
B1457012ULTIXPMK09,1325114612069TULX0,3000,FREE
B1457012ULTNXTDC01,"1325114612069TUNX0, 1325214612069TUNX0",3000,FREE
B1457012ULTNXTDC02,"1325114612069TUNX0, 1325214612069TUNX0",3000,FREE
B1457012ULTNXTNS02,"1325114612069TUNX0, 1325214612069TUNX0",3000,FREE
B1457012ULTNXTNS03,"1325114612069TUNX0, 1325214612069TUNX0",3000,FREE
B1457013TAXIMXHM01,"1325114613071TTMX0, 1325214613071TTMX0",2591,4401
B1457013TAXIMXHM02,"1325114613071TTMX0, 1325214613071TTMX0",2591,4401
B1457013TAXMXHMI03,"1325114613071TTMX0, 1325214613071TTMX0",2603,75226
B1457013TAXMXHMI04,"1325114613071TTMX0, 1325214613071TTMX0",2603,75226
B1457013ULTIMADC10,"1325114613071TCUL0, 1325214613071TCUL0",3000,FREE
B1457013ULTIMADC14,"1325114613071TCUL0, 1325214613071TCUL0",3000,FREE
B1457013ULTNXTGR03,"1325114613071TUNX0, 1325214613071TUNX0",3000,FREE
B1457013ULTNXTGR04,"1325114613071TUNX0, 1325214613071TUNX0",3000,FREE
B1457013ULTNXTNS01,"1325114613071TUNX0, 1325214613071TUNX0",3000,FREE
B1457013ULTNXTNS02,"1325114613071TUNX0, 1325214613071TUNX0",3000,FREE
B1457013ULTXPBDC01,"1325114613071TULT0, 1325214613071TULN0",3000,FREE
B1457013ULTXPBDC02,"1325114613071TULT0, 1325214613071TULN0",3000,FREE
B1457013ULTXPBDC03,"1325114613071TULT0, 1325214613071TULN0",3000,FREE
B1457013ULTXPBDC04,"1325114613071TULT0, 1325214613071TULN0",3000,FREE
B1457013ULTXPBSY04,"1325114613071TULT0, 1325214613071TULN0",3000,FREE
B14570R12UHFTLTY01,"1325114612069TUHL0, 1325214612069TUHL0",3000,FREE
B14570R12UHFTLTY02,"1325114612069TUHL0, 1325214612069TUHL0",3000,FREE
B14570R12UHFTLTY03,"1325114612069TUHL0, 1325214612069TUHL0",3000,FREE
B14570R12UHFTLTY04,"1325114612069TUHL0, 1325214612069TUHL0",3000,FREE
B1458012UHLIFHMI01,"1325114812074TUHL0, 1325214812074TUHL0",1213,9405
B1458012UHLIFHMI02,"1325114812074TUHL0, 1325214812074TUHL0",2960,9504
B1458012UHLIFHMI03,"1325114812074TUHL0, 1325214812074TUHL0",1432,9402
B1458012UHLIFHMI04,"1325114812074TUHL0, 1325214812074TUHL0",3000,FREE
B1458012ULHLIFGC01,"1325114812074TUHL0, 1325214812074TUHL0",3000,FREE
B1458012ULHLIFGC02,"1325114812074TUHL0, 1325214812074TUHL0",3000,FREE
B1458012ULHLIFGC03,"1325114812074TUHL0, 1325214812074TUHL0",2269,9406
B1458012ULHLIFGC04,"1325114812074TUHL0, 1325214812074TUHL0",3000,FREE
B1458012ULHLIFGC05,"1325114812074TUHL0, 1325214812074TUHL0",3000,FREE
B1458012ULHLIFGC06,"1325114812074TUHL0, 1325214812074TUHL0",3000,FREE
B1458012ULHLIFHM01,"1325114812074TUHL0, 1325214812074TUHL0",2269,9406
B1458012ULHLIFHM02,"1325114812074TUHL0, 1325214812074TUHL0",1432,9402
B1458012ULTIXPDC18,"1325114812074TCUX0, 1325114812074TUNT0, 1325214812074TCUX0, 1325214812074TULT0",3000,FREE
B1458012ULTIXPDC19,"1325114812074TCUX0, 1325114812074TUNT0, 1325214812074TCUX0, 1325214812074TULT0",3000,FREE
B1458012ULTIXPDC21,1325214812074TULT0,3000,FREE
B1458012ULTIXPDC25,"1325114812074TCUX0, 1325114812074TUNT0, 1325214812074TCUX0, 1325214812074TULT0",3000,FREE
B1458012ULTIXPDC27,"1325114812074TCUX0, 1325114812074TUNT0, 1325214812074TCUX0, 1325214812074TULT0",3000,FREE
B1458012ULTIXPGR03,"1325114812074TUNT0, 1325214812074TULT0",3000,FREE
B1458012ULTIXPHM01,"1325114812074TULT0, 1325214812074TULT0",3000,FREE
B1458012ULTIXPHM02,"1325114812074TULT0, 1325214812074TULT0",3000,FREE
B1458012ULTIXPHM03,1325214812074TULT0,3000,FREE
B1458012ULTIXPHM04,1325214812074TULT0,3000,FREE
B1458012ULTIXPHM05,1325214812074TULT0,3000,FREE
B1458012ULTIXPHM06,1325214812074TULT0,3000,FREE
B1458012ULTIXPHM07,1325214812074TULT0,3000,FREE
B1458012ULTIXPHM08,1325214812074TULT0,3000,FREE
B1458012ULTIXPHM09,1325214812074TULT0,3000,FREE
B1458012ULTIXPHM10,1325214812074TULT0,3000,FREE
B1458012ULTNXTNS02,"1325114812074TUNX0, 1325214812074TUNX0",3000,FREE
B1458012ULTNXTNS03,"1325114812074TUNX0, 1325214812074TUNX0",3000,FREE
B1458012ULTXCHDC23,"1325114812074TCUX0, 1325214812074TCUX0",3000,FREE
B1458012ULXCHBDC01,"1325114812074TCUX0, 1325214812074TCUX0",3000,FREE
B1458012ULXCHBSY06,"1325114812074TCUX0, 1325214812074TCUX0",3000,FREE
B1458012ULXCHBSY07,"1325114812074TCUX0, 1325214812074TCUX0",3000,FREE
B1458013ULNEO1GC02,1325214813075SUNE1,1366,24825
B1458013ULNEO1GC03,1325214813075SUNE1,1355,24813
B1458013ULNEO1GC04,"1325214813075SUNE1, 1325214813075SUNET",2153,24807
B1458013ULNEO1GC05,"1325214813075SUNE1, 1325214813075SUNET",1523,24810
B1458013ULNEO1GC06,1325214813075SUNE1,1425,75203
B1458013ULNEO1GC07,1325214813075SUNE1,1388,24826
B1458013ULNEO1GC08,1325214813075SUNE1,1388,24826
B1458013ULNEO1GC09,1325214813075SUNE1,18,24816
B1458013ULNEO1GC10,1325214813075SUNE1,18,24816
B1458013ULNEO1GC11,1325214813075SUNE1,2153,24807
B1458013ULNEO1GC12,1325214813075SUNE1,1425,75203
B1458013ULNEO1GC13,1325214813075SUNE1,1794,14812
B1458013ULNEO1GC14,1325214813075SUNE1,3000,FREE
B1458013ULNEO1GC15,1325214813075SUNE1,0,75215
B1458013ULNEO1GC16,1325214813075SUNE1,3000,FREE
B1458013ULNEO1GC17,1325214813075SUNE1,1133,15205
B1458013ULNEO1GC18,1325214813075SUNE1,3000,FREE
B1458013ULNEO1GC19,1325214813075SUNE1,3000,FREE
B1458013ULNEO1GC20,"1325214813075SUNE1, 1325214813075SUNET",1217,75209
B1458013ULNEO1HI01,1325214813075SUNE1,1123,24811
B1458013ULNEO1HI02,1325214813075SUNE1,2607,24802
B1458013ULNEO1HM03,"1325214813075SUNE1, 1325214813075SUNET",1133,15205
B1458013ULNEO1HM04,1325214813075SUNE1,2607,24802
B1458013ULNEO1HM05,"1325214813075SUNE1, 1325214813075SUNET",0,75215
B1458013ULNEO1HM06,1325214813075SUNE1,3000,FREE
B1458013ULNEO1HM07,1325214813075SUNE1,1366,24825
B1458013ULNEO1HM08,1325214813075SUNE1,1148,24815
B1458013ULNEO1HM09,1325214813075SUNE1,1523,24810
B1458013ULNEO1HM10,"1325214813075SUNE1, 1325214813075SUNET",3000,FREE
B1458013ULNEO1HM11,"1325214813075SUNE1, 1325214813075SUNET",1355,24813
B1458013ULNEO1HM12,1325214813075SUNE1,1148,24815
B1458013ULNEOBHM01,1325214813075SUNE0,3000,FREE
B1458013ULNEOBHM02,1325214813075SUNE0,3000,FREE
B1458013ULTNEOGC01,1325214813075SUNE1,1794,14812
B1458013ULTNEOGC02,1325214813075SUNE0,3000,FREE
B1458013ULTNEOGC03,1325214813075SUNE0,3000,FREE
B1458013ULTNEOHM01,1325214813075SUNE1,1123,24811
B1458013ULTNEOHM02,"1325214813075SUNE1, 1325214813075SUNET",1217,75209
B1458013ULTNXTGR03,1325214813075SUNX0,3000,FREE
B1458013ULTNXTGR04,1325214813075SUNX0,3000,FREE
B1458013ULTNXTGR06,1325214813075SUNX0,3000,FREE
B1458013ULTNXTGR08,1325214813075SUNX0,3000,FREE
B1458013ULTNXTGR13,1325214813075SUNX0,3000,FREE
B1458013ULTNXTGR14,1325214813075SUNX0,3000,FREE
B1458013ULTNXTGR16,1325214813075SUNX0,3000,FREE
B1458013ULTNXTMK05,1325214813075SUNX0,3000,FREE
B1458013ULTNXTMK06,1325214813075SUNX0,3000,FREE
B1458013ULTNXTNS02,1325214813075SUNX0,3000,FREE
B1458013ULTNXTNS03,1325214813075SUNX0,3000,FREE
B14580R12TAXIHMI03,"1325114812074TTMX0, 1325214812074TTMX0",3000,FREE
B14580R12TAXIHMI04,"1325114812074TTMX0, 1325214812074TTMX0",3000,FREE
B1556513TORNADGC01,"1325115513073TTOR0, 1325215513073TTOR0",3000,FREE
B1556513TORNADGC02,"1325115513073TTOR0, 1325215513073TTOR0",3000,FREE
B1556513TORNADGR01,"1325115513073TTOR0, 1325215513073TTOR0",3000,FREE
B1556513TORNADGR02,"1325115513073TTOR0, 1325215513073TTOR0",3000,FREE
B1556513TORNADGR03,"1325115513073TTOR0, 1325215513073TTOR0",3000,FREE
B1556513TORNADGR04,"1325115513073TTOR0, 1325215513073TTOR0",3000,FREE
B1556513TORNADGR07,"1325115513073TTOR0, 1325215513073TTOR0",3000,FREE
B1556513TORNADGR08,"1325115513073TTOR0, 1325215513073TTOR0",3000,FREE
B1556513TORNADHM01,"1325115513073TTOR0, 1325215513073TTOR0",3000,FREE
B1556513TORNADHM02,"1325115513073TTOR0, 1325215513073TTOR0",3000,FREE
B1556513TORNADHM03,"1325115513073TTOR0, 1325215513073TTOR0",3000,FREE
B1556513TORNADHM04,"1325115513073TTOR0, 1325215513073TTOR0",3000,FREE
B1556513TORNADNS01,"1325115513073TTOR0, 1325115613075TTOR0, 1325215513073TTOR0",3000,FREE
B1556513ULTHILHM01,1325215513073TUHL0,1662,24801
B1556513ULTHILHM02,1325215513073TUHL0,1662,24801
B15565R12UTLXTGR01,1325215512071SULX0,3000,FREE
B15565R12UTLXTGR04,1325215512071SULX0,3000,FREE
B15565R12UTLXTGR05,1325215512071SULX0,3000,FREE
B15565R12UTLXTMK01,1325215512071SULX0,3000,FREE
B15565R12UTLXTMK02,1325215512071SULX0,3000,FREE
B15565R12UTLXTMK03,1325215512071SULX0,3000,FREE
B1557013TORNADGR01,"1325115613075TCUT0, 1325215613075TCUT0",3000,FREE
B1557013TORNADGR02,"1325115613075TCUT0, 1325215613075TCUT0",3000,FREE
B1557013TORNDBDC01,"1325115613075STOR0, 1325115613075TTOR0",3000,FREE
B1557013TORNDBDC02,"1325115613075STOR0, 1325115613075TTOR0",3000,FREE
B1557013TORNDBDC04,"1325115613075STOR0, 1325115613075TTOR0",3000,FREE
B1557014VECTRAGR01,1325215614077TVEC0,3000,FREE
B1557014VECTRAGR02,1325215614077TVEC0,3000,FREE
B1557014VECTRAGR03,1325215614077TVEC0,3000,FREE
B1557014VECTRAGR04,1325215614077TVEC0,3000,FREE
B1557014VECTRAGR05,1325215614077TVEC0,3000,FREE
B1557014VECTRAGR06,1325215614077TVEC0,3000,FREE
B1557014VECTRAMK01,1325215614077TVEC0,3000,FREE
B1557014VECTRAMK02,1325215614077TVEC0,3000,FREE
B1557014VECTRAMK04,1325215614077TVEC0,3000,FREE
B1557014VECTRANS01,1325215614077TVEC0,3000,FREE
B1557014VECTRANS02,1325215614077TVEC0,3000,FREE
B1557014VECTRANS03,1325215614077TVEC0,3000,FREE
B1557014VECTRANS05,1325215614077TVEC0,3000,FREE
B1558013ULHLIFGC01,1325215813079SUHL0,3000,FREE
B1558013ULHLIFGC02,1325215813079SUHL0,162,24818
B1558013ULHLIFGC03,1325215813079SUHL0,162,24818
B1558013ULHLIFGC04,1325215813079SUHL0,3000,FREE
B1558013ULHLIFHM01,1325215813079SUHL0,3000,FREE
B1558013ULHLIFHM02,1325215813079SUHL0,3000,FREE
B1558013ULTIMADM02,"1325115813079SCUL0, 1325215813079SCUL0",3000,FREE
B1558013ULTIMADM04,"1325115813079SCUL0, 1325215813079SCUL0",3000,FREE
B1558013VECTRADC01,"1325215813074TVEC0, 1325215813079SVEC0, 1325215813079SVECO",3000,FREE
B1558013VECTRAGR01,"1325215813074TVEC0, 1325215813079SVEC0, 1325215813079SVECO",3000,FREE
B1558013VECTRAGR04,"1325215813074TVEC0, 1325215813079SVEC0, 1325215813079SVECO",3000,FREE
B1558013VECTRAGR06,"1325215813074TVEC0, 1325215813079SVEC0, 1325215813079SVECO",3000,FREE
B1558013VECTRAGR07,"1325215813074TVEC0, 1325215813079SVEC0, 1325215813079SVECO",3000,FREE
B1558013VECTRAGR08,"1325215813074TVEC0, 1325215813079SVEC0, 1325215813079SVECO",3000,FREE
B1558013VECTRAGR09,"1325215813074TVEC0, 1325215813079SVEC0, 1325215813079SVECO",3000,FREE
B1558013VECTRAGR10,"1325215813074TVEC0, 1325215813079SVEC0, 1325215813079SVECO",3000,FREE
B1558013VECTRAMK02,"1325215813074TVEC0, 1325215813079SVEC0, 1325215813079SVECO",3000,FREE
B1558013VECTRAMK06,"1325215813074TVEC0, 1325215813079SVECO",3000,FREE
B15580R13TAXIMHM07,"1325215813079STMX0, 1325215813079TTMX0",3000,FREE
B15580R13TAXIMHM08,"1325215813079STMX0, 1325215813079TTMX0",3000,FREE
B155R13ULTIXPCGC01,"1225215013008QXPC0, 1325115013008QXPC0, 1D25115013008QXPC0, 1D25215Z13006QXPC0, 1D25215Z13008QXPC0",2909,24819
B155R13ULTIXPCGC02,"1225215013008QXPC0, 1325115013008QXPC0, 1D25115013008QXPC0, 1D25215Z13006QXPC0, 1D25215Z13008QXPC0",2909,24819
B155R13ULTIXPCGC03,"1225215013008QXPC0, 1325115013008QXPC0, 1D25115013008QXPC0, 1D25215Z13008QXPC0",3000,FREE
B155R13ULTIXPCGC04,"1225215013008QXPC0, 1325115013008QXPC0, 1D25115013008QXPC0, 1D25215Z13008QXPC0",3000,FREE
B155R13ULTIXPCHM01,"1D25115013008QXPC0, 1D25215Z13008QXPC0",3000,FREE
B155R13ULTIXPCHM02,"1D25115013008QXPC0, 1D25215Z13008QXPC0",3000,FREE
B155R13ULTXPCHMI01,"1D25115013008QXPC0, 1D25215Z13008QXPC0",2797,24814
B155R13ULTXPCHMI02,"1D25115013008QXPC0, 1D25215Z13008QXPC0",2601,75207
B155R13ULTXPCHMI03,"1D25115013008QXPC0, 1D25215Z13008QXPC0",2797,24814
B155R13ULTXPCHMI04,"1D25115013008QXPC0, 1D25215Z13008QXPC0",2601,75207
B1656513TORNADDC01,"1325116513077TTOR0, 1325216513077TTOR0",3000,FREE
B1656513TORNADDC03,"1325116513077TCUT0, 1325116513077TTOR0, 1325216513077TCUT0, 1325216513077TTOR0",3000,FREE
B1656513TORNADDC06,"1325116513077TTOR0, 1325216513077TTOR0",3000,FREE
B1656513TORNADDC08,"1325116513077TTOR0, 1325216513077TTOR0",3000,FREE
B1656513TORNADDC10,"1325116513077TCUT0, 1325116513077TTOR0, 1325216513077TCUT0, 1325216513077TTOR0",3000,FREE
B1656513TORNADDC11,"1325116513077TTOR0, 1325216513077TTOR0",3000,FREE
B1656513TORNADGR01,"1325116513077TTOR0, 1325216513077TTOR0",3000,FREE
B1656513TORNADGR03,"1325116513077TTOR0, 1325216513077TTOR0",3000,FREE
B1656513TORNADNS02,"1325116513077TTOR0, 1325216513077TTOR0",3000,FREE
B1656513TORNADNS03,"1325116513077TTOR0, 1325216513077TTOR0",3000,FREE
B1656513TORNADNS04,"1325116513077TTOR0, 1325216513077TTOR0",3000,FREE
B1656513USPORTGC01,"1325216513077TUSP0, 1325216513081HUSP0, 1325216513081TUSP0",3000,FREE
B1656513USPORTGC02,"1325216513077TUSP0, 1325216513081TUSP0",3000,FREE
B1656513USPORTGR01,"1325216513077TUSP0, 1325216513081HUSP0, 1325216513081TUSP0",3000,FREE
B1656513USPORTGR02,"1325216513077TUSP0, 1325216513081HUSP0, 1325216513081TUSP0",3000,FREE
B1657014TAXIMXGC03,1325216614081STMX0,1529,54803
B1657014TAXIMXGC04,1325216614081STMX0,1529,54803
B1657014VECTRAGC01,"1325216614081SVEC0, 1325216614081TVECE",3000,FREE
B1657014VECTRAGC02,1325216614081SVEC0,3000,FREE
B1657014VECTRAGC03,1325216614081SVEC0,3000,FREE
B1657014VECTRAGC04,1325216614081SVEC0,3000,FREE
B1657014VECTRAGC05,1325216614081SVEC0,3000,FREE
B1657014VECTRAGC06,1325216614081SVEC0,3000,FREE
B1657014VECTRAGC08,1325216614081SVEC0,3000,FREE
B1657014VECTRAGR07,"1325216614081SVEC0, 1325216614081TVECE",3000,FREE
B1657014VECTRAGR08,1325216614081SVEC0,3000,FREE
B1657014VECTRAGR09,1325216614081SVEC0,3000,FREE
B1657014VECTRAGR10,1325216614081SVEC0,3000,FREE
B1657014VECTRAGR11,1325216614081SVEC0,3000,FREE
B1657014VECTRAGR12,1325216614081SVEC0,3000,FREE
B1657014VECTRAHGC7,1325216614081SVEC0,3000,FREE
B1657014VECTRAHM04,"1325216614081SVECE, 1325216614081TVECE",3000,FREE
B1657014VECTRAHM05,"1325216614081SVECE, 1325216614081TVECE",3000,FREE
B1657014VECTRAHM06,"1325216614081SVECE, 1325216614081TVECE",3000,FREE
B1657014VECTRAHM07,"1325216614081SVECE, 1325216614081TVECE",3000,FREE
B1657014VECTRAMK01,1325216614081SVEC0,3000,FREE
B1657014VECTRAMK02,1325216614081SVEC0,3000,FREE
B1658013ULTNEOHM01,1325216813083TUNE0,3000,FREE
B1658013ULTNEOHM02,1325216813083TUNE0,3000,FREE
B1658014TAXIMXGC01,"1325216814085STMX0, 1325216814085TTMX0",3000,FREE
B1658014TAXIMXGC02,"1325216814085STMX0, 1325216814085TTMX0",1916,9804
B1658014TAXIMXGC03,"1325216814085STMX0, 1325216814085TTMX0",3000,FREE
B1658014TAXIMXGC04,"1325216814085STMX0, 1325216814085TTMX0",1916,9804
B1658014TAXIMXHM01,"1325216814085STMX0, 1325216814085TTMX0",3000,FREE
B1658014TAXIMXHM02,"1325216814085STMX0, 1325216814085TTMX0",1689,9802
B1658014TAXIMXHM03,1325216814085STMX0,1689,9802
B1658014TAXIMXHM04,1325216814085STMX0,3000,FREE
B1658014TAXIMXHM05,"1325216814085STMX0, 1325216814085TTMX0",3000,FREE
B1658014TORNADGR08,"1325116814085STOR0, 1325216814085STOR0",3000,FREE
B1658014TORNADGR09,"1325116814085STOR0, 1325216814085STOR0",3000,FREE
B1658014TORNADGR14,"1325116814085STOR0, 1325216814085STOR0",3000,FREE
B1658014TORNADGR15,"1325116814085STOR0, 1325216814085STOR0, 1325216814085STORA, 1325216814085STORB",3000,FREE
B1658014TORNADGR17,"1325116814085STOR0, 1325216814085STOR0",3000,FREE
B1658014TORNADGR19,"1325116814085STOR0, 1325216814085STOR0",3000,FREE
B1658014TORNADGR21,"1325116814085STOR0, 1325216814085STOR0",3000,FREE
B1658014TORNADMK01,"1325116814085STOR0, 1325216814085STOR0",3000,FREE
B1658014TORNADMK02,"1325116814085STOR0, 1325216814085STOR0",3000,FREE
B1658014TORNADMK05,"1325116814085STOR0, 1325216814085STOR0",3000,FREE
B1658014TORNADMK06,"1325116814085STOR0, 1325216814085STOR0",3000,FREE
B1658014TORNADMK07,"1325116814085STOR0, 1325216814085STOR0",3000,FREE
B1658014TORNADMK14,"1325116814085STOR0, 1325216814085STOR0",3000,FREE
B1658014TORNADMK17,"1325116814085STOR0, 1325216814085STOR0",3000,FREE
B1658014TORNADMK18,"1325116814085STOR0, 1325216814085STOR0",3000,FREE
B1658014TORNADMK19,"1325116814085STOR0, 1325216814085STOR0",3000,FREE
B1658014TORNADMK20,"1325116814085STOR0, 1325216814085STOR0",3000,FREE
B1658014TORNADMK22,"1325116814085STOR0, 1325216814085STOR0",3000,FREE
B1658014TORNADMK24,"1325116814085STOR0, 1325216814085STOR0",3000,FREE
B1658014TORNADMK27,"1325116814085STOR0, 1325216814085STOR0",3000,FREE
B1658014TORNADNS05,"1325116814085STOR0, 1325216814085STOR0",3000,FREE
B1658014UXROYLGR03,"1325216814085TURL0, 1325216814085TURLT",3000,FREE
B1658014UXROYLGR04,"1325216814085TTMX0, 1325216814085TURL0, 1325216814085TURLT",3000,FREE
B1658014UXROYLGR05,"1325216814085TURL0, 1325216814085TURLT",3000,FREE
B1658014UXROYLGR06,"1325216814085TTMX0, 1325216814085TURL0, 1325216814085TURLT",3000,FREE
B1658014UXROYLGR07,"1325216814085TURL0, 1325216814085TURLT",3000,FREE
B1658014UXROYLGR08,"1325216814085TURL0, 1325216814085TURLT",3000,FREE
B1658014UXROYLGR09,"1325216814085TURL0, 1325216814085TURLT",3000,FREE
B1658014UXROYLGR10,"1325216814085TURL0, 1325216814085TURLT",3000,FREE
B1658014UXROYLGR11,"1325216814085TURL0, 1325216814085TURLT",3000,FREE
B1658014UXROYLGR12,"1325216814085TURL0, 1325216814085TURLT",2934,24805
B1658014UXROYLGR13,"1325216814085TURL0, 1325216814085TURLT",2934,24805
B1658014UXROYLGR14,"1325216814085TURL0, 1325216814085TURLT",3000,FREE
B1658014UXROYLHM-1,"1325216814085TURL0, 1325216814085TURLT",3000,FREE
B1658014UXROYLHM-2,"1325216814085TURL0, 1325216814085TURLT",3000,FREE
B1658014UXROYLHM03,"1325216814085TURL0, 1325216814085TURLT",3000,FREE
B1658014UXROYLHM04,"1325216814085TURL0, 1325216814085TURLT",3000,FREE
B1658014UXROYLHM05,"1325216814085TURL0, 1325216814085TURLT",3000,FREE
B1658014UXROYLHM06,"1325216814085TURL0, 1325216814085TURLT",0,15201
B1658014UXROYLHM07,"1325216814085TURL0, 1325216814085TURLT",3000,FREE
B1658014UXROYLHM08,"1325216814085TURL0, 1325216814085TURLT",0,15201
B1658014UXROYLHM09,"1325216814085TURL0, 1325216814085TURLT",3000,FREE
B1658014UXROYLHM10,"1325216814085TURL0, 1325216814085TURLT",3000,FREE
B1658014UXROYLHM11,"1325216814085TURL0, 1325216814085TURLT",3000,FREE
B1658014UXROYLHM12,"1325216814085TURL0, 1325216814085TURLT",3000,FREE
B1658014UXROYLHM13,"1325216814085TURL0, 1325216814085TURLT",3000,FREE
B1658014UXROYLHM14,"1325216814085TURL0, 1325216814085TURLT",3000,FREE
B1658014UXROYLHM15,"1325216814085TURL0, 1325216814085TURLT",3000,FREE
B1658014UXROYLHM16,"1325216814085TURL0, 1325216814085TURLT",3000,FREE
B1658014UXROYLHM17,"1325216814085TURL0, 1325216814085TURLT",3000,FREE
B1658014UXROYLHM18,"1325216814085TURL0, 1325216814085TURLT",3000,FREE
B1658014UXROYLHM19,"1325216814085TURL0, 1325216814085TURLT",3000,FREE
B1658014UXROYLHM20,"1325216814085TURL0, 1325216814085TURLT",3000,FREE
B1658014UXROYLTY01,"1325216814085TURL0, 1325216814085TURLT",3000,FREE
B1658014UXROYLTY02,"1325216814085TURL0, 1325216814085TURLT",3000,FREE
B165R13ULTXPC1HM01,1225216Z13008RXC10,3000,FREE
B165R13ULTXPC1HM02,1225216Z13008RXC10,3000,FREE
B1756013ULHLIFGC01,1325217413077HUHL0,3000,FREE
B1756013ULHLIFGC02,1325217413077HUHL0,3000,FREE
B1756013ULSPRTGC01,"1325217413077HUSP0, 1325217413077TUSP0, 1325217413082TUSP0",2741,4920
B1756013ULSPRTGC02,"1325217413077HUSP0, 1325217413077TUSP0, 1325217413082TUSP0",2621,4915
B1756013ULSPRTGR01,"1325217413077HUSP0, 1325217413077TUSP0, 1325217413082TUSP0",2621,4915
B1756013ULSPRTGR02,"1325217413077HUSP0, 1325217413077TUSP0, 1325217413082TUSP0",2741,4920
B1756014UXROYLGC01,1325217414079HURL0,3000,FREE
B1756014UXROYLGC02,1325217414079HURL0,3000,FREE
B1756514TAXIMXGC01,1325217514082TTMX0,2731,75206
B1756514TAXIMXGC02,1325217514082TTMX0,2115,75229
B1756514TAXIMXGC03,1325217514082TTMX0,3000,FREE
B1756514TAXIMXGC04,1325217514082TTMX0,3000,FREE
B1756514TAXIMXHM01,1325217514082TTMX0,1768,15204
B1756514TAXIMXHM02,1325217514082TTMX0,2731,75206
B1756514TAXIMXHM03,1325217514082TTMX0,2115,75229
B1756514TAXIMXHM04,1325217514082TTMX0,1768,15204
B1756514TAXIMXHM05,1325217514082TTMX0,1804,24820
B1756514TAXIMXHM06,1325217514082TTMX0,1804,24820
B1756514TORNADDC01,"1325117514082TTOR0, 1325217514082TTOR0",3000,FREE
B1756514TORNADGR01,1325117514082TTOR0,3000,FREE
B1756514TORNADGR02,1325117514082TTOR0,3000,FREE
B1756514TORNADGR03,"1325117514082TTOR0, 1325217514082TTOR0",3000,FREE
B1756514TORNADMK01,1325117514082TTOR0,3000,FREE
B1756514TORNADMK02,1325217514082TTOR0,3000,FREE
B1756514TORNADNS01,"1325117514082TTOR0, 1325217514082TTOR0",3000,FREE
B1756514UXROYLGC01,"1325217514082HURL0, 1325217514082HURL1, 1325217514082HURP0",3000,FREE
B1756514UXROYLGC02,"1325217514082HURL0, 1325217514082HURL1, 1325217514082HURP0, 1325220515094VURL0",3000,FREE
B1756514UXROYLMK01,"1325217514082HURL0, 1325217514082HURL1",3000,FREE
B1756514UXROYLMK02,"1325217514082HURL0, 1325217514082HURL1",3000,FREE
B1756514VECTRAGC01,"1325217514082HVEC0, 1325217514082HVECL, 1325217514082TVEC0, 1325217514082TVECH, 1325217514082TVECR",3000,FREE
B1756514VECTRAGC02,"1325217514082HVEC0, 1325217514082HVECL, 1325217514082TVEC0, 1325217514082TVECH, 1325217514082TVECR",3000,FREE
B1756514VECTRAGC03,"1325217514082HVEC0, 1325217514082TVEC0, 1325217514082TVECH, 1325217514082TVECR",2646,4802
B1756514VECTRAGC04,"1325217514082TVEC0, 1325217514082TVECH, 1325217514082TVECR",2684,4407
B1756514VECTRAGC06,"1325217514082HVEC0, 1325217514082TVEC0, 1325217514082TVECH, 1325217514082TVECR",2729,4411
B1756514VECTRAGC07,"1325217514082HVEC0, 1325217514082TVEC0, 1325217514082TVECH, 1325217514082TVECR",2729,4411
B1756514VECTRAGC08,"1325217514082HVECL, 1325217514082TVECH, 1325217514082TVECR",3000,FREE
B1756514VECTRAGC09,"1325217514082TVEC0, 1325217514082TVECH, 1325217514082TVECR",3000,FREE
B1756514VECTRAGC10,"1325217514082TVEC0, 1325217514082TVECH, 1325217514082TVECR",2646,4802
B1756514VECTRAGC11,"1325217514082TVECH, 1325217514082TVECR",3000,FREE
B1756514VECTRAGC12,"1325217514082TVECH, 1325217514082TVECR",3000,FREE
B1756514VECTRAGR01,"1325217514082HVEC0, 1325217514082TVEC0, 1325217514082TVECH, 1325217514082TVECR",3000,FREE
B1756514VECTRAGR03,"1325217514082HVEC0, 1325217514082TVEC0, 1325217514082TVECH, 1325217514082TVECR",2684,4407
B1756514VECTRAGR05,"1325217514082TVEC0, 1325217514082TVECH, 1325217514082TVECR",3000,FREE
B1756514VECTRAGR06,"1325217514082HVEC0, 1325217514082HVECL, 1325217514082TVEC0, 1325217514082TVECH, 1325217514082TVECR",3000,FREE
B1756514VECTRBGC01,"1325217514082HVEC0, 1325217514082TVECH, 1325217514082TVECR",3000,FREE
B1756514VECTRBGC03,"1325217514082HVECL, 1325217514082TVECL",3000,FREE
B1756514VECTRBGC04,"1325217514082HVEC0, 1325217514082TVECH, 1325217514082TVECR",3000,FREE
B1756514VECTRBGC06,"1325217514082HVECL, 1325217514082TVECL",3000,FREE
B1756514VECTRBGC07,"1325217514082HVEC0, 1325217514082TVECH, 1325217514082TVECR",3000,FREE
B1756514VECTRBGR01,"1325217514082HVEC0, 1325217514082TVEC0, 1325217514082TVECH, 1325217514082TVECR",3000,FREE
B1756514VECTRBGR03,"1325217514082HVEC0, 1325217514082TVEC0, 1325217514082TVECH, 1325217514082TVECR",3000,FREE
B1756514VECTRBGR05,"1325217514082HVEC0, 1325217514082TVEC0, 1325217514082TVECH, 1325217514082TVECR",3000,FREE
B1756515UXROYLGC01,"1325217514082HURL0, 1325217515084HURL0, 1325217515084HURL1",3000,FREE
B1756515UXROYLGC02,"1325217514082HURL0, 1325217515084HURL0, 1325217515084HURL1",3000,FREE
B1756515UXROYLHM01,"1325217515084HURL0, 1325217515084HURL1, 1325217515084HURP0",3000,FREE
B1756515UXROYLHM02,"1325217515084HURL0, 1325217515084HURL1, 1325217515084HURP0",3000,FREE
B1756515VECTRAGC01,1325217515084HVEC0,3000,FREE
B1756515VECTRAGC02,1325217515084HVEC0,3000,FREE
B1757013TORNADGR01,"1325117613082TTOR0, 1325217613082TTOR0, 1325217613086TTOR0",3000,FREE
B1757013TORNADGR02,"1325117613082TTOR0, 1325217613082TTOR0, 1325217613086TTOR0",3000,FREE
B1757013TORNADMK01,"1325117613082TTOR0, 1325217613082TTOR0, 1325217613086TTOR0",3000,FREE
B1757013TORNADMK02,"1325117613082TTOR0, 1325217613082TTOR0, 1325217613086TTOR0",3000,FREE
B1757013TORNADMK03,"1325117613082TTOR0, 1325217613082TTOR0, 1325217613086TTOR0",3000,FREE
B1757013TORNADMK04,"1325117613082TTOR0, 1325217613082TTOR0, 1325217613086TTOR0",3000,FREE
B1757013TORNADMK05,"1325117613082TTOR0, 1325217613082TTOR0, 1325217613086TTOR0",3000,FREE
B1757013TORNADSY01,"1325117613082TTOR0, 1325217613082TTOR0, 1325217613086TTOR0",3000,FREE
B1757013ULTIXRDC01,1325117613082SULX0,3000,FREE
B1757013ULTIXRDC02,1325117613082SULX0,3000,FREE
B1757013ULTXPSDC04,1325217613082TUXP0,3000,FREE
B1757013ULTXPSDC05,1325217613082TUXP0,3000,FREE
B1757014UXROYBGC01,1325217614084HURL2,1475,75210
B1757014UXROYBGC02,1325217614084HURL2,1475,75210
B1757014UXROYHMI01,1325217614084HURL2,793,14813
B1757014UXROYHMI02,1325217614084HURL2,793,14813
B1757014UXROYHMI03,1325217614084HURL2,1298,75227
B1757014UXROYHMI04,1325217614084HURL2,1298,75227
B1757014UXROYLGC01,"1325217614084HURL0, 1325217614084HURL1",3000,FREE
B1757014UXROYLGC02,"1325217614084HURL0, 1325217614084HURL1",3000,FREE
B1757014UXROYLGC03,1325217614084HURL2,3000,FREE
B1757014UXROYLGC04,1325217614084HURL2,3000,FREE
B1757014VECTRAGR02,"1325217614084TTORE, 1325217614084TVEC0, 1325217614084TVECE, 1325217614084TVECL",3000,FREE
B1757014VECTRAMK01,"1325217614084HURLA, 1325217614084TTORE, 1325217614084TVEC0, 1325217614084TVECE, 1325217614084TVECL",3000,FREE
B1757014VECTRAMK02,"1325217614084TVEC0, 1325217614084TVECL",3000,FREE
B1757014VECTRANS04,"1325217614084TTORE, 1325217614084TVEC0, 1325217614084TVECE",3000,FREE
B1757014VECTRANS06,"1325217614084TTORE, 1325217614084TVEC0, 1325217614084TVECE",3000,FREE
B1757014VECTRANS09,"1325217614084TVEC0, 1325217614084TVECL",3000,FREE
B1856013ULTMXTDC01,1325218413080TULX0,3000,FREE
B1856013ULTMXTDC02,1325218413080TULX0,3000,FREE
B1856013ULTSPRNS01,1325218413080TUSP0,3000,FREE
B1856013ULTSPRNS02,1325218413080TUSP0,3000,FREE
B1856014ULTSPRGC01,"1325218414082HUSP0, 1325218414082HUSPE",3000,FREE
B1856014ULTSPRGC02,"1325218414082HUSP0, 1325218414082HUSPE",3000,FREE
B1856015UXTOURHM03,1325218415084TUTR0,3000,FREE
B1856015UXTOURHM04,1325218415084TUTR0,3000,FREE
B1856015VECTRAGR01,1325218415084TVEC0,3000,FREE
B1856015VECTRAMK01,1325218415084TVEC0,3000,FREE
B1856015VECTRAMK03,1325218415084TVEC0,3000,FREE
B1856015VECTRAMK04,1325218415084TVEC0,3000,FREE
B1856015VECTRAMK05,1325218415084TVEC0,3000,FREE
B1856015VECTRAMK06,1325218415084TVEC0,3000,FREE
B1856015VECTRAMK07,1325218415084TVEC0,3000,FREE
B1856015VECTRAMK08,1325218415084TVEC0,3000,FREE
B1856015VECTRAMK09,1325218415084TVEC0,3000,FREE
B1856016UXROYHMI01,1325218416086VURL0,3000,FREE
B1856016UXROYHMI02,1325218416086VURL0,3000,FREE
B18560R15TAXIMHM05,1325218415084TTMX0,3000,FREE
B18560R15TAXIMHM06,1325218415084TTMX0,2648,54801
B1856514ULTSPRMK02,1325218514086HUSP0,3000,FREE
B1856514ULTSPRNS01,"1325218514086HUSP0, 1325218514086HUSPE, 1325218514090HUSP0",3000,FREE
B1856514ULTSPRNS02,"1325218514086HUSP0, 1325218514086HUSPE, 1325218514090HUSP0",3000,FREE
B1856514UXROYLGC01,1325218514086HURL0,3000,FREE
B1856514UXROYLGC02,1325218514086HURL0,3000,FREE
B1856515UXROYBGC01,"1325218515088HURL0, 1325218515088HURL1",3000,FREE
B1856515UXROYBGC02,"1325218515088HURL0, 1325218515088HURL1",3000,FREE
B1856515UXROYLGC01,"1325218515088HURLE, 1325218515088SURL0, 1325218515088TURL0, 1325218515088TURLS",3000,FREE
B1856515UXROYLGC02,"1325218515088HURLE, 1325218515088TURL0, 1325218515088TURLS",3000,FREE
B1856515UXROYLHM01,"1325218515088HURL0, 1325218515088HURL1, 1325218515088HURP0",3000,FREE
B1856515UXROYLHM02,"1325218515088HURL0, 1325218515088HURL1, 1325218515088HURP0",3000,FREE
B1856515UXROYLHM03,"1325218515088SURL0, 1325218515088TURL0, 1325218515088TURLS",3000,FREE
B1856515UXROYLHM04,"1325218515088SURL0, 1325218515088TURL0, 1325218515088TURLS",3000,FREE
B1856515UXROYLHM05,"1325218515088SURL0, 1325218515088TURL0, 1325218515088TURLS",3000,FREE
B1856515UXROYLHM06,"1325218515088SURL0, 1325218515088TURL0, 1325218515088TURLS",3000,FREE
B1856515UXTOURGC01,1325218515088HUTR0,2080,14804
B1856515UXTOURGC02,1325218515088HUTR0,2080,14804
B1856515UXTOURGC03,1325218515088HUTR0,1984,24823
B1856515UXTOURGC04,1325218515088HUTR0,1984,24823
B1856515VECTRABALD,"1325218515088HURL0, 1325218515088TVEC0",3000,FREE
B1857013ULROYLGR01,"1325218613086TURO0, 1325218613091TURO0",3000,FREE
B1857013ULROYLGR02,"1325218613086TURO0, 1325218613091TURO0",3000,FREE
B1857013ULROYLHM01,"1325218613086TURO0, 1325218613091TURO0",3000,FREE
B1857013ULROYLHM02,"1325218613086TURO0, 1325218613091TURO0",3000,FREE
B1857014UXROYLHB01,"1325218614088HURL0, 1325218614088HURL1",3000,FREE
B1857014UXROYLHB02,"1325218614088HURL0, 1325218614088HURL1",3000,FREE
B1857014UXROYLMK01,"1325218614088HURL0, 1325218614088HURL1, 1325218614088TURL0",3000,FREE
B1857014UXROYLMK02,"1325218614088HURL0, 1325218614088HURL1, 1325218614088TURL0",3000,FREE
B1857015RNXRGLHM01,1F25218515642DXRG1,3000,FREE
B1857015RNXRGRHM01,1F25218515642DXRG2,3000,FREE
B1857015UXROYHMI01,1325218615089HURL0,2242,14806
B1857015UXROYHMI02,1325218615089HURL0,2242,14806
B18585R16BRUTBGR05,1425118916008QRBT0,3000,FREE
B18585R16BRUTEGC07,1425118916008QRBT0,2658,4801
B18585R16BRUTEGC08,1425118916008QRBT0,2658,4801
B185R14STLKINGHM01,"1D25118014012QSTL0, 1D25218014010NSTL0, 1D25218014012NSTL0, 1D25218014012QSTL0",3000,FREE
B185R14STLKINGHM02,"1D25118014012QSTL0, 1D25218014010NSTL0, 1D25218014012NSTL0, 1D25218014012QSTL0",3000,FREE
B19515RANBRUTBHM01,"1325119015008SRBT0, 1325219015008SRBT0",3000,FREE
B19515RANBRUTBHM02,"1325119015008SRBT0, 1325219015008SRBT0",3000,FREE
B1955016RANXRTGC01,1F25219516600DXRT1,3000,FREE
B19555R16UXRLHMI01,"1325219315089VUX10, 1325219316087VURL0",3000,FREE
B19555R16UXRLHMI02,"1325219315089VUX10, 1325219316087VURL0",3000,FREE
B19555R16UXRYLGC01,1325219316087VURL0,3000,FREE
B19555R16UXRYLGC02,1325219316087VURL0,3000,FREE
B19555R16UXTTLGC01,1325219316087VUTR0,3000,FREE
B19555R16UXTTLGC02,1325219316087VUTR0,3000,FREE
B1956014ZEPHYRSY01,"1325119414086VZEP0, 1325219414086VZEP0",3000,FREE
B1956014ZEPHYRSY02,"1325119414086VZEP0, 1325219414086VZEP0",3000,FREE
B1956015ULTXRGLMK1,"1325219415088SXRG1, 1325219415088SXRG2",3000,FREE
B1956015ULTXRGRMK1,1325219415088SXRG2,3000,FREE
B1956015UXROYLGC01,1325219415088VURL1,3000,FREE
B1956015UXROYLGC02,1325219415088VURL1,3000,FREE
B1956016RNHPEHMI01,1325219416089HRHE0,3000,FREE
B1956016RNHPEHMI02,1325219416089HRHE0,3000,FREE
B1956016UXROYHMI01,1325219416089VURL0,3000,FREE
B1956016UXROYHMI02,1325219416089VURL0,3000,FREE
B1956515UXROYLGC01,"1325219515091VURL0, 1325219515091VURL1",3000,FREE
B1956515UXROYLGC02,"1325219515091VURL0, 1325219515091VURL1",3000,FREE
B1956515UXROYLHB01,"1325219515091VURL0, 1325219515091VURL1",3000,FREE
B1956515UXROYLHB02,"1325219515091VURL0, 1325219515091VURL1",3000,FREE
B1956515VECTRAMK01,"1325219515091HVEC0, 1325219515091VVEC0",3000,FREE
B1956515VECTRAMK02,"1325219515091HVEC0, 1325219515091VVEC0",3000,FREE
B1956515VECTRASY01,1325219515091HVEC0,3000,FREE
B1956515VECTRASY02,1325219515091HVEC0,3000,FREE
B1956515ZEPHYRSY01,1325219515091VZEP0,3000,FREE
B1956515ZEPHYRSY02,1325219515091VZEP0,3000,FREE
B1957014UL210SGC01,"1325119614095SU210, 1325219614095SU210",3000,FREE
B1957014UL210SGC02,"1325119614095SU210, 1325219614095SU210",3000,FREE
B1957014UL210SHM01,"1325119614095SU210, 1325219614095SU210",3000,FREE
B1957014UL210SHM02,"1325119614095SU210, 1325219614095SU210",3000,FREE
B1957015TORNADDC05,1325119615092STOR0,3000,FREE
B1957015TORNADDC06,1325119615092STOR0,3000,FREE
B1957015TORNADDC07,1325119615092STOR0,3000,FREE
B1957015TORNADDC08,1325119615092STOR0,3000,FREE
B1958015BRTLTHMI01,"1325119815106QBRQ0, 1325119815106QBRU0, 1325119815106RBRU0",2495,4403
B1958015BRTLTHMI02,"1325119815106QBRQ0, 1325119815106QBRU0",2512,4405
B1958015BRTLTHMI03,1325119815106QBRQ0,2512,4405
B1958015BRULTBHM01,1225219015008SLTB0,3000,FREE
B1958015BRULTBHM02,1225219015008SLTB0,3000,FREE
B1958015BRUTLTHM01,"1325119015008SRBT0, 1325219015008SRBT0",3000,FREE
B1958015BRUTLTHM02,"1325119015008SRBT0, 1325219015008SRBT0",3000,FREE
B1958015BRUTLTHM03,"1325119815106QBRQ0, 1325119815106QBRU0",3000,FREE
B1958015BRUTLTHM04,1325119815106QBRQ0,2541,9414
B1958015BRUTLTHM05,1325119815106QBRQ0,2541,9414
B1958015BRUTLTHM06,1325119815106QBRQ0,3000,FREE
B1958015BRUTLTHM07,1325119815106QBRQ0,2495,4403
B1958015BRUTLTHM08,"1225119015008QBRUM, 1325119815106QBRQ0",2490,4402
B1958015BRUTLTHM09,"1225119015008QBRUM, 1325119815106QBRQ0",2490,4402
B195R15STLKINGHM01,"1225119015010QSTL0, 1225219015010QSTL0, 1225219015012NSTL0",3000,FREE
B195R15STLKINGHM02,"1225119015010QSTL0, 1225219015010QSTL0, 1225219015012NSTL0",3000,FREE
B195R15STLKNGHMI01,"1225119015010QSTL0, 1225119015012NSTL0, 1225219015010QSTL0, 1225219015012NSTL0",3000,FREE
B195R15STLKNGHMI02,"1225119015010QSTL0, 1225119015012NSTL0, 1225219015010QSTL0, 1225219015012NSTL0",3000,FREE
B195R15STLKNGHMI03,"1225119015010QSTL0, 1225119015012NSTL0, 1225219015010QSTL0, 1225219015012NSTL0",3000,FREE
B195R15STLKNGHMI04,"1225119015010QSTL0, 1225119015012NSTL0, 1225219015010QSTL0, 1225219015012NSTL0",3000,FREE
B195R15STLKNGHMI05,"1225119015010QSTL0, 1225119015012NSTL0, 1225219015010QSTL0, 1225219015012NSTL0",3000,FREE
B195R15STLKNGHMI06,"1225119015010QSTL0, 1225119015012NSTL0, 1225219015010QSTL0, 1225219015012NSTL0",3000,FREE
B20/54R13RCINGDC01,1F25202013054WZZZ0,3000,FREE
B20054013LEVEXGC01,"1F15220013540DLVX0, 1F15220013540WLVX0",3000,FREE
B20054013LEVEXGC02,"1F15220013540DLVX0, 1F15220013540WLVX0",3000,FREE
B205/60R16VECTMK02,"1325220416092HVEC0, 1325220416092VVEC0",3000,FREE
B205/60R16VECTMK03,"1325220416092HVEC0, 1325220416092VVEC0",3000,FREE
B205/60R16VECTMK04,"1325220416092HVEC0, 1325220416092VVEC0",3000,FREE
B205/60R16VECTSY02,"1325220416092HVEC0, 1325220416092VVEC0",3000,FREE
B205/60R16VECTSY03,"1325220416092HVEC0, 1325220416092VVEC0",3000,FREE
B205/60R16VECTSY04,"1325220416092HVEC0, 1325220416092VVEC0",3000,FREE
B205/60R16VECTSY07,"1325220416092HVEC0, 1325220416092VVEC0",3000,FREE
B205/60R16VECTSY08,"1325220416092HVEC0, 1325220416092VVEC0",3000,FREE
B205/60R16VECTSY09,"1325220416092HVEC0, 1325220416092VVEC0",3000,FREE
B205/60R16VECTSY10,"1325220416092HVEC0, 1325220416092VVEC0",3000,FREE
B20555R16UXRLHMI01,1325220316091VURL1,3000,FREE
B20555R16UXRLHMI02,1325220316091VURL1,3000,FREE
B20555R16UXRYLGC01,1325220316091VURL1,3000,FREE
B20555R16UXRYLGC02,1325220316091VURL1,3000,FREE
B20555R16UXRYLGC03,1325220316091VURL1,3000,FREE
B20555R16UXRYLGC04,1325220316091VURL1,3000,FREE
B2056013ZEPHYRSY01,1325220413087VZEP0,3000,FREE
B2056013ZEPHYRSY02,1325220413087VZEP0,3000,FREE
B20560R15ZPHYRSY01,1325220415091VZEP0,3000,FREE
B20560R15ZPHYRSY02,1325220415091VZEP0,3000,FREE
B20560R16UXRLBGC01,"1325220416092VURL0, 1325220416092VURP0",3000,FREE
B20560R16UXRLBGC02,"1325220416092VURL0, 1325220416092VURP0",3000,FREE
B20560R16UXRYLGC01,1325220416092VURL0,3000,FREE
B20560R16UXRYLGC02,1325220416092VURL0,3000,FREE
B2056515TORINGGC01,1325220515094VUTR0,3000,FREE
B2056515TORINGGC02,1325220515094VUTR0,3000,FREE
B2056515TORINGHB01,"1325220515094VETR0, 1325220515094VUTR0",3000,FREE
B2056515TORINGHB02,"1325220515094VETR0, 1325220515094VUTP0, 1325220515094VUTR0",3000,FREE
B2056515TORINGHM01,1325220515094VUTR0,3000,FREE
B2056515TORINGHM02,1325220515094VUTR0,3000,FREE
B2056516UXTOUHMI01,1325220516095HUTR0,3000,FREE
B2056516UXTOUHMI02,1325220516095HUTR0,3000,FREE
B2056516UXTOURGC01,1325220516095HUTR0,3000,FREE
B2056516UXTOURGC02,1325220516095HUTR0,3000,FREE
B20565R15CRUSBMK03,1325220515094SELA0,3000,FREE
B20565R15CRUSRGR02,1325220515094SELA0,3000,FREE
B20565R15CRUSRMK01,"1325120515094SELA0, 1325220515094SELA0",3000,FREE
B20565R15CRUSRMK02,"1325120515094SELA0, 1325220515094SELA0",3000,FREE
B20565R15CRUSRMK04,1325220515094SELA0,3000,FREE
B20565R15CRUSRMK05,1325220515094SELA0,3000,FREE
B20565R15CRUSRSY02,"1325120515094SELA0, 1325220515094SELA0",3000,FREE
B20565R15CRUSRSY04,"1325120515094SELA0, 1325220515094SELA0",3000,FREE
B20565R15TAXTLHM03,1325220515094VTMX0,3000,FREE
B20565R15TAXTLHM04,1325220515094VTMX0,3000,FREE
B20565R15UXRYLGC01,"1325220515094VURL0, 1325220515094VURL1, 1325220515094VURL2",3000,FREE
B20565R15UXRYLGC02,"1325220515094VURL0, 1325220515094VURL1, 1325220515094VURL2",3000,FREE
B20565R15UXRYLHM01,"1325220515094VURL0, 1325220515094VURL1",3000,FREE
B20565R15UXRYLHM02,"1325220515094VURL0, 1325220515094VURL1",3000,FREE
B20565R15ZPHYRBSY1,"1325220515091VZEP0, 1325220515094VZEP0, 1325220515094VZEPT",3000,FREE
B20565R15ZPHYRBSY2,"1325220515091VZEP0, 1325220515094VZEP0, 1325220515094VZEPT",3000,FREE
B20565R15ZPHYRGC01,1325220515094VZEP0,3000,FREE
B20565R15ZPHYRGC02,1325220515094VZEP0,3000,FREE
B2058016BRT4X4SY01,1425220816110QBRT0,3000,FREE
B2058016BRT4X4SY02,1425220816110QBRT0,3000,FREE
B205R16ULTXPC1GC01,1225220Z16008RXC10,3000,FREE
B205R16ULTXPC1GC02,1225220Z16008RXC10,3000,FREE
B215/75R16XPC1GC01,"1225121716008SXC10, 1225121716010SXC10, 1225221716008SXC10, 1225221716010SXC10, 1D25121716008SXC10, 1D25221716008SXC10",3000,FREE
B215/75R16XPC1GC02,"1225121716008SXC10, 1225121716010SXC10, 1225221716008SXC10, 1225221716010SXC10, 1D25121716008SXC10, 1D25221716008SXC10",3000,FREE
B215/75R16XPC1GC03,"1225121716010SXC10, 1225221716010SXC10, 1D25121716008SXC10",3000,FREE
B215/75R16XPC1GC04,"1225121716010SXC10, 1225221716010SXC10, 1D25121716008SXC10, 1D25221716008SXC10",3000,FREE
B21514STELKINGHM01,1225121Z14112LSTL0,3000,FREE
B21514STKINGDCDC05,1225121Z14112LSTL0,3000,FREE
B21514STKINGDCDC06,1225121Z14112LSTL0,3000,FREE
B21514STKINGDCDC07,"1225121014010PSTL0, 1225121Z14112LSTL0",3000,FREE
B21514STKINGDCDC08,"1225121014010PSTL0, 1225121Z14112LSTL0",3000,FREE
B21514STKINGDCDC09,1225121Z14112LSTL0,3000,FREE
B21514STKINGDCDC10,1225121Z14112LSTL0,3000,FREE
B2156016UXROYLGC01,"1325221416095VURL0, 1325221416095VURL1",2510,75219
B2156016UXROYLGC02,"1325221416095VURL0, 1325221416095VURL1",2510,75219
B2156016UXROYLGC03,"1325221416095VURL0, 1325221416095VURL1",0,15207
B2156016UXROYLGC04,1325221416095VURLT,3000,FREE
B2156016UXROYLGC05,"1325221416095VURL0, 1325221416095VURL1",2899,75217
B2156016UXROYLGC06,"1325221416095VURL0, 1325221416095VURL1",0,75202
B2156016UXROYLGC07,"1325221416095VURL0, 1325221416095VURL1",1316,75205
B2156016UXROYLGC08,"1325221416095VURL0, 1325221416095VURL1",2609,75225
B2156016UXROYLGC09,"1325221416095VURL0, 1325221416095VURL1",1316,75205
B2156016UXROYLGC10,"1325221416095VURL0, 1325221416095VURL1",0,15207
B2156016UXROYLGC11,"1325221416095VURL0, 1325221416095VURL1",3000,FREE
B2156016UXROYLGC12,"1325221416095VURL0, 1325221416095VURL1",2609,75225
B2156016UXROYLGC13,"1325221416095VURL0, 1325221416095VURL1",3000,FREE
B2156016UXROYLGC14,"1325221416095VURL0, 1325221416095VURL1",3000,FREE
B2156016UXROYLGC15,"1325221416095VURL0, 1325221416095VURL1",3000,FREE
B2156016UXROYLGC16,"1325221416095VURL0, 1325221416095VURL1",2899,75217
B2156016UXROYLGC17,"1325221416095VURL0, 1325221416095VURL1",3000,FREE
B2156016UXROYLGC18,"1325221416095VURL0, 1325221416095VURL1",0,75202
B2156017UXROYLGC01,1325221417100HURL1,1816,75223
B2156017UXROYLGC02,1325221417100HURL1,1226,75216
B2156017UXROYLGC03,1325221417100HURL1,3000,FREE
B2156017UXROYLGC04,1325221417100HURL1,3000,FREE
B2156017UXROYLGC05,1325221417100HURL1,3000,FREE
B2156017UXROYLGC06,1325221417100HURL1,1226,75216
B21560R17RHTTLHM01,1325221417096HRHT0,3000,FREE
B21560R17RHTTLHM02,1325221417096HRHT0,3000,FREE
B2157015ULXPC1HM01,1225221615008QXC10,2861,14807
B2157015ULXPC1HM02,1225221615008QXC10,2861,14807
B2157515BRT4LTHM01,"1325121715100SBRT0, 1325221715100SBRT0",2564,4911
B2157515BRT4LTHM02,"1325121715100SBRT0, 1325221715100SBRT0",2663,4912
B2157515BRT4LTHM03,"1325121715100SBRT0, 1325221715100SBRT0",2663,4912
B2157515BRT4LTHM04,"1325121715100SBRT0, 1325221715100SBRT0",2564,4911
B2157515BRT4LTNS01,"1325121715100SBRT0, 1325221715100SBRT0",3000,FREE
B2157515BRT4LTNS02,"1325121715100SBRT0, 1325221715100SBRT0",3000,FREE
B2157515BRULTHMI01,1325121715115SLTB0,2935,9413
B2157515BRULTHMI02,1325121715115SLTB0,2935,9413
B2157515BRULTHMI03,1325121715115SLTB0,2933,4416
B2157515BRULTHMI04,1325121715115SLTB0,2933,4416
B2157515BRUTLTDC05,"1325121715008SLTB0, 1325121715008SLTB1, 1325121715010LLTB0, 1325121715115SLTB0",3000,FREE
B2157515BRUTLTDC06,"1325121715008SLTB0, 1325121715008SLTB1, 1325121715010LLTB0, 1325121715115SLTB0",3000,FREE
B2157515BRUTLTDC07,"1325121715008SLTB0, 1325121715008SLTB1, 1325121715010LLTB0, 1325121715115SLTB0",3000,FREE
B2157515BRUTLTDC08,"1325121715008SLTB0, 1325121715008SLTB1, 1325121715010LLTB0, 1325121715115SLTB0",3000,FREE
B2157515BRUTLTDC09,"1325121715008SLTB0, 1325121715008SLTB1, 1325121715010LLTB0, 1325121715115SLTB0",2941,4906
B2157515BRUTLTDC10,"1325121715008SLTB0, 1325121715008SLTB1, 1325121715010LLTB0, 1325121715115SLTB0",2941,4906
B2157515BRUTLTGR01,"1325121715008SLTB0, 1325121715008SLTB1, 1325121715010LLTB0, 1325121715115SLTB0",3000,FREE
B2157515BRUTLTMK01,"1325121715008SLTB0, 1325121715010LLTB0, 1325121715115SLTB0",3000,FREE
B2157515BRUTLTMK02,"1325121715008SLTB0, 1325121715008SLTB1, 1325121715010LLTB0, 1325121715115SLTB0",3000,FREE
B2157515BRUTLTMK03,"1325121715008SLTB0, 1325121715010LLTB0, 1325121715115SLTB0",3000,FREE
B2157515BRUTLTMK04,1325121715115SLTB0,3000,FREE
B2157515RANBRTYE01,1325121715100SRBT0,3000,FREE
B2157515RANBRTYE02,1325121715100SRBT0,3000,FREE
B2157515RANXATTY01,"1325121715100SRXT0, 1325221715100SRXT0",3000,FREE
B2157515RANXATTY02,"1325121715100SRXT0, 1325221715100SRXT0",3000,FREE
B2157515RAXATHMI01,"1325121715100SRXT0, 1325221715100SRXT0",3000,FREE
B2157515RAXATHMI02,"1325121715100SRXT0, 1325221715100SRXT0",3000,FREE
B2157515RAXATHMI03,"1325121715100SRXT0, 1325221715100SRXT0",3000,FREE
B2157515RAXATHMI04,"1325121715100SRXT0, 1325221715100SRXT0",3000,FREE
B2157515STLKGBHM07,1225221715115SSTL0,1848,4908
B2157515STLKGBHM08,1225221715115SSTL0,3000,FREE
B2157515STLKGBHM09,1225221715115SSTL0,3000,FREE
B2157515STLKGBHM10,1225221715115SSTL0,1848,4908
B2157515STLKGHMI01,1225221715115SSTL0,2060,9202
B2157515STLKGHMI02,1225221715115SSTL0,2060,9202
B2157515STLKGHMI03,1225221715115SSTL0,2217,8701
B2157515STLKGHMI04,1225221715115SSTL0,3000,FREE
B2157515STLKGHMI05,1225221715115SSTL0,455,8602
B2157515STLKGHMI06,1225221715115SSTL0,2217,8701
B2157515STLKNGHM01,1225121715115SSTL0,3000,FREE
B2157515STLKNGHM02,1225121715115SSTL0,3000,FREE
B2157515STLKNGHM03,1225121715115SSTL0,3000,FREE
B2157515STLKNGHM04,1225121715115SSTL0,3000,FREE
B2157515STLKNGHM05,1225121715115SSTL0,3000,FREE
B2157515STLKNGHM06,1225121715115SSTL0,3000,FREE
B2157515STLKNGHM07,1225121715115SSTL0,3000,FREE
B2157515STLKNGHM08,1225121715115SSTL0,3000,FREE
B2157515STLKNGHM09,1225121715115SSTL0,3000,FREE
B2157515STLKNGHM10,1225121715115SSTL0,3000,FREE
B2157515STLKNGHM11,1225221715115SSTL0,1708,8603
B2157515STLKNGHM12,1225221715115SSTL0,1708,8603
B2157515STLKNGHM13,1225221715115SSTL0,455,8602
B2157515STLKNGHM14,1225221715115SSTL0,3000,FREE
B21575R16XPC1HMI01,"1225121716010SXC10, 1225221716008SXC10, 1225221716010SXC10, 1D25121716008SXC10, 1D25221716008SXC10",3000,FREE
B21575R16XPC1HMI02,"1225121716010SXC10, 1225221716008SXC10, 1225221716010SXC10, 1D25121716008SXC10, 1D25221716008SXC10",3000,FREE
B22560R17UXRYLGC01,1325222417099HURL0,3000,FREE
B22560R17UXRYLGC02,1325222417099HURL0,3000,FREE
B2257015ULXPC1HM01,1225222615008RXC10,3000,FREE
B2257015ULXPC1HM02,1225222615008RXC10,3000,FREE
B22575R16XPCLTGC02,"1225222716121MXC10, 1225222716121MXC11, 1225222716121MXC11 , 1225222716121NXC11",3000,FREE
B22575R16XPCLTGC03,"1225222716121MXC10, 1225222716121MXC11, 1225222716121MXC11 , 1225222716121NXC11",3000,FREE
B22575R16XPCLTGC04,"1225222716121MXC10, 1225222716121MXC11, 1225222716121MXC11 , 1225222716121NXC11",3000,FREE
B22575R16XPCLTGC05,"1225222716121MXC10, 1225222716121MXC11, 1225222716121MXC11 , 1225222716121NXC11",3000,FREE
B23565R16SKINGGC01,"1225223516115PSKP0, 1225223516121PSKP0",3000,FREE
B23565R16SKINGGC02,"1225223516115PSKP0, 1225223516121PSKP0",798,15208
B23565R16SKINGGC03,1225223516121PSKP0,798,15208
B23565R16SKINGGC04,1225223516121PSKP0,3000,FREE
B23565R16SKINGGC05,1225223516121PSKP0,3000,FREE
B23565R16SKINGGC06,1225223516121PSKP0,1583,14808
B23565R16SKNGHMI01,1225223516121PSKP0,1583,14808
B23565R16SKNGHMI02,1225223516121PSKP0,2765,14810
B23565R16SKNGHMI03,1225223516121PSKP0,2765,14810
B23565R16SKNGHMI04,1225223516121PSKP0,3000,FREE
B23565R17RHTTLHM09,1325223517104HRHT0,2972,75214
B23565R17RHTTLHM10,1325223517104HRHT0,3000,FREE
B2357515BRT4LTHM01,"1325123715105SBRT0, 1325223715105SBRT0",3000,FREE
B2357515BRT4LTHM02,"1325123715105SBRT0, 1325223715105SBRT0",3000,FREE
B2357515BRT4LTHM03,1325123715105SBRT0,3000,FREE
B2357515BRT4LTHM04,1325123715105SBRT0,3000,FREE
B2357515BRT4LTHM05,"1325123616105SBRT0, 1325123715105SBRT0, 1325223715105SBRT0",3000,FREE
B2357515BRT4LTHM06,"1325123616105SBRT0, 1325123715105SBRT0, 1325223715105SBRT0",3000,FREE
B2357515RANXATTY01,"1325123715105SRXT0, 1325223715105SRXT0",3000,FREE
B2357515RANXATTY02,"1325123715105SRXT0, 1325223715105SRXT0",3000,FREE
B2357515RAXATHMI01,"1325123715105SRXT0, 1325223715105SRXT0",3000,FREE
B2357515RAXATHMI02,"1325123715105SRXT0, 1325223715105SRXT0",3000,FREE
B2357515RAXATHMI03,"1325123715105SRXT0, 1325223715105SRXT0",3000,FREE
B2357515RAXATHMI04,"1325123715105SRXT0, 1325223715105SRXT0",3000,FREE
B2358516RANAT2HM01,1325223916120QRAB0,3000,FREE
B2358516RANAT2HM02,1325223916120QRAB0,3000,FREE
B24057013LEVEXGC01,1F15224013570DLVX0,3000,FREE
B24057013LEVEXGC02,1F15224013570DLVX0,3000,FREE
B2556518RATTLHMI01,1325225518115QRAT0,3000,FREE
B2556518RATTLHMI02,1325225518115QRAT0,3000,FREE
B2857516RANMTHMI01,1325228716126KRMT0,3000,FREE
B2857516RANMTHMI02,1325228716126KRMT0,3000,FREE
B70015STKINGLHMI15,"1225170015010LSTL0, 1225170015012LSTL0, 1225170015012NSTL0",3000,FREE
B70015STKINGLHMI16,"1225170015010LSTL0, 1225170015012LSTL0, 1225170015012NSTL0",3000,FREE
B70015STKINGLHMI17,1225170015012LSTL0,3000,FREE
B70015STKINGLHMI18,1225170015012LSTL0,2473,4917
B70015STKINGLHMI19,1225170015012LSTL0,2801,9412
B70015STKINGLHMI20,1225170015012LSTL0,2801,9412
B70015STKINGLHMI21,"1225170015012LSTL0, 1225170015012NSTL0",3000,FREE
B70015STKINGLHMI22,"1225170015012LSTL0, 1225170015012NSTL0",3000,FREE
B70015STKINGLTGC01,"1225170015010LSTL0, 1225170015012LSTL0",1479,4901
B70015STKINGLTGC04,"1225170015010LSTL0, 1225170015012LSTL0",119,4919
B70015STKINGLTGC05,"1225170015010LSTL0, 1225170015012LSTL0",2841,4903
B70015STKINGLTGC06,"1225170015010LSTL0, 1225170015012LSTL0",1583,4410
B70015STKINGLTGC07,"1225170015010LSTL0, 1225170015012LSTL0",2228,9002
B70015STKINGLTGC08,"1225170015010LSTL0, 1225170015012LSTL0",2829,8604
B70015STKINGLTGC09,"1225170015010LSTL0, 1225170015012LSTL0",2841,4903
B70015STKINGLTGC10,"1225170015010LSTL0, 1225170015012LSTL0",2228,9002
B70015STKINGLTGC11,"1225170015010LSTL0, 1225170015012LSTL0",89,8606
B70015STKINGLTGC12,"1225170015010LSTL0, 1225170015012LSTL0",2829,8604
B70015STKINGLTGC13,"1225170015010LSTL0, 1225170015012LSTL0",1479,4901
B70015STKINGLTGC17,"1225170015010LSTL0, 1225170015012LSTL0",30,4909
B70015STKINGLTGC18,"1225170015010LSTL0, 1225170015012LSTL0",3000,FREE
B70015STKINGLTGC19,"1225170015010LSTL0, 1225170015012LSTL0",1915,4923
B70015STKINGLTGC20,"1225170015010LSTL0, 1225170015012LSTL0",2907,4922
B70015STKINGLTHM09,"1225170015010LSTL0, 1225170015012LSTL0",2473,4917
B70015STKINGLTHM10,"1225170015010LSTL0, 1225170015010LSTLE, 1225170015012LSTL0",1524,4918
B70015STKINGLTHM11,"1225170015010LSTL0, 1225170015012LSTL0",2034,9702
B70015STKINGLTHM12,"1225170015010LSTL0, 1225170015012LSTL0",1915,4923
B70015STKINGLTHM13,"1225170015010LSTL0, 1225170015012LSTL0",2577,9201
B70015STKINGLTHM14,"1225170015010LSTL0, 1225170015012LSTL0",2577,9201
B70015STKINGLTHM15,"1225170015010LSTL0, 1225170015012LSTL0",89,8606
B70015STKINGLTHM16,"1225170015010LSTL0, 1225170015012LSTL0",30,4909
B70015STKINGLTHM17,"1225170015010LSTL0, 1225170015012LSTL0",2034,9702
B70015STKINGLTHM18,"1225170015010LSTL0, 1225170015012LSTL0",1524,4918
B70015STKINGLTHM21,"1225170015010LSTL0, 1225170015012LSTL0, 1225170016010LSTL0, 1225170016012LSTL0",260,4902
B70015STKINGLTHM22,"1225170015010LSTL0, 1225170015012LSTL0, 1225170016010LSTL0, 1225170016012LSTL0",7,9704
B70015STKINGLTHM23,"1225170015010LSTL0, 1225170015012LSTL0",0,8601
B70015STKINGLTHM24,"1225170015010LSTL0, 1225170015012LSTL0",7,9704
B70015STKINGLTHM25,"1225170015010LSTL0, 1225170015012LSTL0",0,8601
B70015STKINGLTHM26,"1225170015010LSTL0, 1225170015012LSTL0",1583,4410
B70015STKINGLTHM27,"1225170015010LSTL0, 1225170015012LSTL0",3000,FREE
B70015STKINGLTHM28,"1225170015010LSTL0, 1225170015012LSTL0",2907,4922
B70015STKINGLTHM29,"1225170015010LSTL0, 1225170015012LSTL0",2553,9401
B70015STKINGLTHM30,"1225170015010LSTL0, 1225170015012LSTL0",2888,9701
B70015STKINGLTHM31,"1225170015010LSTL0, 1225170015012LSTL0",2961,9703
B70015STKINGLTHM32,"1225170015010LSTL0, 1225170015012LSTL0",2961,9703
B70015STKINGLTHM33,"1225170015010LSTL0, 1225170015012LSTL0",1530,4412
B70015STKINGLTHM34,"1225170015010LSTL0, 1225170015012LSTL0",119,4919
B70015STKINGLTHM35,"1225170015010LSTL0, 1225170015012LSTL0",2834,4417
B70015STKINGLTHM36,"1225170015010LSTL0, 1225170015012LSTL0",2834,4417
B70015STKINGLTHM37,"1225170015010LSTL0, 1225170015012LSTL0",2155,4916
B70015STKINGLTHM38,"1225170015010LSTL0, 1225170015012LSTL0",1427,4413
B70015STKINGLTHM39,"1225170015010LSTL0, 1225170015012LSTL0",1773,4907
B70015STKINGLTHM40,"1225170015010LSTL0, 1225170015012LSTL0",1773,4907
B70015STKINGLTHM41,"1225170015010LSTL0, 1225170015012LSTL0",2251,9001
B70015STKINGLTHM42,"1225170015010LSTL0, 1225170015012LSTL0",2155,4916
B70015STKINGLTHM43,"1225170015010LSTL0, 1225170015012LSTL0",2251,9001
B70015STKINGLTHM44,"1225170015010LSTL0, 1225170015012LSTL0",1033,4925
B70015STKINGLTHM45,"1225170015010LSTL0, 1225170015012LSTL0",1033,4925
B70015STKINGLTHM46,"1225170015010LSTL0, 1225170015012LSTL0",2888,9701
B70015STKINGLTHM47,"1225170015010LSTL0, 1225170015012LSTL0",1530,4412
B70015STKINGLTHM49,"1225170015010LSTL0, 1225170015012LSTL0",2747,4414
B70015STKINGLTHM50,"1225170015010LSTL0, 1225170015012LSTL0",2747,4414
B70015STKINGLTHM51,"1225170015010LSTL0, 1225170015012LSTL0",1427,4413
B70015STKINGLTHM52,"1225170015010LSTL0, 1225170015012LSTL0",2553,9401
B70015STKINLTBHM01,"1225170015012LSTL0, 1225170015012LSTLT",3000,FREE
B75015STKINGLHMI01,"1225175015012LSTL0, 1225175015012LSTLL",3000,FREE
B75015STKINGLHMI02,1225175015012LSTL0,3000,FREE
B75016JUHSTEELHM01,1225175016012NJTL0,3000,FREE
B75016JUHSTEELHM02,1225175016012NJTL0,3000,FREE
C016580R14ELZTGC05,1325216814085SUTR0,3000,FREE
C13570R12ULLXTGR02,1325213612065SULX1,999,4914
C13570R12ULLXTGR03,1325213612065SULX1,999,4914
C13570R12ULLXTGR04,1325213612065SULX1,2554,4913
C13570R12ULLXTGR05,1325213612065SULX1,2554,4913
C14570R12UHFTLHM01,"1325114612069TUHL0, 1325214612069TUHL0",3000,FREE
C14570R12UHFTLHM02,"1325114612069TUHL0, 1325214612069TUHL0",3000,FREE
C14580R12NXTTLDC03,"1325114812074TUNX0, 1325214812074TUNX0",3000,FREE
C14580R12NXTTLNS01,"1325114812074TUNX0, 1325214812074TUNX0",3000,FREE
C14580R12TAXTLHM01,"1325114812074TTMX0, 1325214812074TTMX0",3000,FREE
C14580R12TAXTLHM02,"1325114812074TTMX0, 1325214812074TTMX0",3000,FREE
C14580R13TAXIMGC01,1325214813075STMX0,3000,FREE
C14580R13TAXIMGC02,1325214813075STMX0,3000,FREE
C14580R13TAXIMHM01,1325214813075STMX0,3000,FREE
C14580R13TAXIMHM02,1325214813075STMX0,3000,FREE
C145R12XPCLTTTDC01,"1D25114012008QXPC0, 1D25214012008QXPC0",3000,FREE
C145R12XPCLTTTDC02,"1D25114012008QXPC0, 1D25214012008QXPC0",3000,FREE
C145R12XPCLTTTDC03,"1D25114012008QXPC0, 1D25214012008QXPC0",3000,FREE
C145R12XPCLTTTDC05,"1D25114012008QXPC0, 1D25214012008QXPC0",3000,FREE
C145R12XPCLTTTDC06,"1D25114012008QXPC0, 1D25214012008QXPC0",3000,FREE
C145R12XPCLTTTDC07,"1D25114012008QXPC0, 1D25214012008QXPC0",3000,FREE
C145R12XPCLTTTGR01,"1D25114012008QXPC0, 1D25214012008QXPC0",3000,FREE
C145R12XPCLTTTGR02,"1D25114012008QXPC0, 1D25214012008QXPC0",3000,FREE
C145R12XPCLTTTGR03,"1D25114012008QXPC0, 1D25214012008QXPC0",3000,FREE
C145R12XPCLTTTGR04,"1D25114012008QXPC0, 1D25214012008QXPC0",3000,FREE
C145R12XPCLTTTGR06,"1D25114012008QXPC0, 1D25214012008QXPC0",3000,FREE
C145R12XPCLTTTGR07,"1D25114012008QXPC0, 1D25214012008QXPC0",3000,FREE
C15565R13ULTLHMI01,1325215513073TUHL0,1739,4408
C15565R13ULTLHMI02,1325215513073TUHL0,1739,4408
C15570R13TAXTLHM01,1325215613075TTMX0,2763,14801
C15570R13TAXTLHM02,1325215613075TTMX0,2763,14801
C15570R13ULTHIGC01,1325215613075TUHL0,3000,FREE
C15570R13ULTHIGC02,1325215613075TUHL0,3000,FREE
C15570R13ULTHIHM01,1325215613075TUHL0,3000,FREE
C15570R13ULTHIHM02,1325215613075TUHL0,3000,FREE
C15580R13NEO000001,1325215813079TUNE6,3000,FREE
C15580R13NEO000004,1325215813079TUNE6,3000,FREE
C15580R13NEO000006,1325215813079TUNE6,3000,FREE
C15580R13NEO000011,1325215813079TUNE6,3000,FREE
C15580R13NEO000017,1325215813079TUNE6,3000,FREE
C15580R13NEO000019,1325215813079TUNE6,3000,FREE
C15580R13NEO000020,1325215813079TUNE6,3000,FREE
C15580R13NEO000024,1325215813079TUNE6,3000,FREE
C15580R13TAXIMGC01,"1325215813079STMX0, 1325215813079TTMX0",3000,FREE
C15580R13TAXIMGC02,"1325215813079STMX0, 1325215813079TTMX0",3000,FREE
C15580R13TAXIMHM01,"1325215813079STMX0, 1325215813079TTMX0",2456,14803
C15580R13TAXIMHM02,"1325215813079STMX0, 1325215813079TTMX0",2456,14803
C15580R13TAXIMHM03,"1325215813079STMX0, 1325215813079TTMX0",3000,FREE
C15580R13TAXIMHM04,"1325215813079STMX0, 1325215813079TTMX0",2459,24803
C15580R13TAXIMHM05,"1325215813079STMX0, 1325215813079TTMX0",3000,FREE
C15580R13TAXIMHM06,"1325215813079STMX0, 1325215813079TTMX0",2459,24803
C15580R13VECTLGR02,1325215813079SVECO,3000,FREE
C15580R13VECTLGR03,1325215813079SVECO,3000,FREE
C15580R13VECTLGR11,1325215813079SVECO,3000,FREE
C15580R13VECTLMK01,1325215813079SVECO,3000,FREE
C155R13ULTXPC1HM01,1D25215013008SXC11,2091,24808
C155R13ULTXPC1HM02,1D25215013008SXC11,0,24804
C155R13ULTXPC1HM03,1D25215013008SXC11,0,24804
C155R13ULTXPC1HM18,1D25215013008SXC11,1761,24821
C155R13ULTXPC1HM20,1D25215013008SXC11,1761,24821
C155R13ULTXPC1HM24,1D25215013008SXC11,2091,24808
C16565R13ULFTLHM01,1325216513077TUHL0,3000,FREE
C16565R13ULFTLHM02,1325216513077TUHL0,3000,FREE
C16565R13ULFTLHM03,1325216513077TUHL0,3000,FREE
C16565R13ULFTLHM04,1325216513077TUHL0,3000,FREE
C16565R14TAXIMHM01,1325216514079TTMX0,2817,75220
C16565R14TAXIMHM02,1325216514079TTMX0,2817,75220
C16565R14TAXIMHM07,1325216514079TTMX0,3000,FREE
C16565R14TAXIMHM08,1325216514079TTMX0,3000,FREE
C16570R14TAXTLHM01,1325216614081STMX0,0,54804
C16570R14TAXTLHM02,1325216614081STMX0,0,54804
C17560R15UXTLHMI03,1325217415081HUTR0,2007,15212
C17560R15UXTLHMI04,1325217415081HUTR0,2017,24806
C17560R15UXTTHMI01,1325217415081HUTR0,2017,24806
C17560R15UXTTHMI02,1325217415081HUTR0,2007,15212
C17565R14UXTTLHM01,1325217514082TUTR0,3000,FREE
C17565R14UXTTLHM02,1325217514082TUTR0,3000,FREE
C17565R15UXRTLHM03,1325217515084HURL3,3000,FREE
C17565R15UXRTLHM04,1325217515084HURL3,3000,FREE
C18560R15TAXIMHM01,1325218415084TTMX0,2648,54801
C18560R15TAXIMHM02,1325218415084TTMX0,2399,15209
C18560R15TAXIMHM03,1325218415084TTMX0,2399,15209
C18560R15TAXIMHM04,1325218415084TTMX0,3000,FREE
C18560R15UXTTLHM01,1325218415084TUTR0,3000,FREE
C18560R15UXTTLHM02,1325218415084TUTR0,3000,FREE
C18565R14UXROYHM01,1325218514086HURL0,3000,FREE
C18565R14UXROYHM02,1325218514086HURL0,3000,FREE
C18565R15TAXIMGC01,1325218515088HTMX0,3000,FREE
C18565R15TAXIMGC02,1325218515088HTMX0,2192,75213
C18565R15TAXIMHM01,1325218515088HTMX0,3000,FREE
C18565R15TAXIMHM02,1325218515088HTMX0,2088,75211
C18565R15TAXIMHM03,1325218515088HTMX0,2192,75213
C18565R15TAXIMHM04,1325218515088HTMX0,2088,75211
C18565R15TAXIMHM05,1325218515088HTMX0,2370,75218
C18565R15TAXIMHM06,1325218515088HTMX0,2218,75224
C18565R15TAXIMHM07,1325218515088HTMX0,2218,75224
C18565R15TAXIMHM08,1325218515088HTMX0,2370,75218
C18565R15UXTTLUZ01,1325218515088HUTR0,1969,15213
C18565R15UXTTLUZ02,1325218515088HUTR0,1969,15213
C18585R16BRUTTDC14,1425118916008QRBT0,2965,4910
C18585R16BRUTTGR02,1425118916008QRBT0,2331,9403
C18585R16BRUTTGR03,1425118916008QRBT0,1691,4904
C18585R16BRUTTGR05,1425118916008QRBT0,3000,FREE
C18585R16BRUTTGR06,1425118916008QRBT0,2965,4910
C18585R16BRUTTGR07,1425118916008QRBT0,1691,4904
C18585R16BRUTTGR08,1425118916008QRBT0,2331,9403
C18585R16BRUTTGR09,1425118916008QRBT0,3000,FREE
C19555R16UXRHYHM03,1325219316087VURL0,3000,FREE
C19555R16UXRHYHM04,1325219316087VURL0,3000,FREE
C19555R16UXTTLHM01,1325219316087VUTR0,3000,FREE
C19555R16UXTTLHM02,1325219316087VUTR0,3000,FREE
C1955R16UXRHYCHM01,"1325219316087VURL0, 1325219316087VURP0",3000,FREE
C1955R16UXRHYCHM02,"1325219316087VURL0, 1325219316087VURP0",3000,FREE
C20555R16UX1TLGC01,1325220316094VUX10,2663,14811
C20555R16UX1TLGC02,1325220316094VUX10,2663,14811
C20560R16UXRYLHM01,1325220416092VURL0,3000,FREE
C20560R16UXRYLHM02,1325220416092VURL0,3000,FREE
C2056515TORINGHM03,"1325220515094VUTP0, 1325220515094VUTR0",3000,FREE
C2056515TORINGHM04,"1325220515094VUTP0, 1325220515094VUTR0",3000,FREE
C20565R15TAXTLGC01,1325220515094VTMX0,3000,FREE
C20565R15TAXTLGC02,1325220515094VTMX0,3000,FREE
C20565R15TAXTLHM01,1325220515094VTMX0,3000,FREE
C20565R15TAXTLHM02,1325220515094VTMX0,3000,FREE
C20565R16TAXTLGC01,1325220516095HTMX0,3000,FREE
C20565R16TAXTLGC02,1325220516095HTMX0,3000,FREE
C21555R18UXR0HMI21,1325221318099HURL0,3000,FREE
C21555R18UXR0HMI22,1325221318099HURL0,3000,FREE
C21560R17RHTTLGC01,1325221417096HRHT0,3000,FREE
C21560R17RHTTLGC02,1325221417096HRHT0,3000,FREE
C21560R17UXRTLHM05,1325221417100HURL1,3000,FREE
C21560R17UXRTLHM06,1325221417100HURL1,3000,FREE
C21560R17UXRTLHM07,1325221417100HURL1,1613,75212
C21560R17UXRTLHM08,1325221417100HURL1,1816,75223
C21560R17UXRTLHM11,"1325221417096HURL0, 1325221417100HURL1",1613,75212
C21560R17UXRTLHM12,"1325221417096HURL0, 1325221417100HURL1",3000,FREE
C21575R15BRUTTGR02,1325121715100SRBT0,3000,FREE
C21575R15BRUTTGR03,1325121715100SRBT0,3000,FREE
C21575R15BRUTTGR04,"1325121715010SRBT0, 1325121715100SRBT0",3000,FREE
C21575R15BRUTTGR05,1325121715100SRBT0,3000,FREE
C21575R15BRUTTGR06,"1325121715010SRBT0, 1325121715100SRBT0",3000,FREE
C21575R15BRUTTGR07,1325121715100SRBT0,3000,FREE
C21575R15BRUTTHM01,1325121715100SRBT0,3000,FREE
C21575R15BRUTTHM02,1325121715100SRBT0,3000,FREE
C21575R15RHTTLHM03,1325221715100SRHT0,1280,15206
C21575R15RHTTLHM04,1325221715100SRHT0,1342,15210
C21575R15RHTTLHM08,1325221715100SRHT0,1280,15206
C21575R15RHTTLHM09,1325221715100SRHT0,2070,75208
C21575R15RHTTLHM10,1325221715100SRHTS,3000,FREE
C21575R15RHTTLHM12,1325221715100SRHT0,1342,15210
C21575R15RHTTLHM13,1325221715100SRHT0,1385,14805
C21575R15RHTTLHM14,1325221715100SRHT0,1385,14805
C21575R15RHTTLHM15,1325221715100SRHT0,2070,75208
C22555R7UX1TLHM01,1325222317101VUX10,3000,FREE
C22555R7UX1TLHM02,1325222317101VUX10,3000,FREE
C23565R17ELTOUGC01,1325223517104HETR0,3000,FREE
C23565R17ELTOUGC02,1325223517104HETR0,3000,FREE
C23565R17RHTTLGC01,"1325223517104HRHT0, 1325223517104HRPG0",2685,75221
C23565R17RHTTLGC02,"1325223517104HRHT0, 1325223517104HRPG0",2685,75221
C23565R17RHTTLHM01,"1325223517104HRHT0, 1325223517104HRPG0",3000,FREE
C23565R17RHTTLHM02,"1325223517104HRHT0, 1325223517104HRPG0",2972,75214
C23565R17RHTTLHM03,"1325223517104HRHT0, 1325223517104HRPG0",3000,FREE
C23565R17RHTTLHM04,"1325223517104HRHT0, 1325223517104HRPG0",3000,FREE
C23570R16RHTTLHM01,"1325223616105HRHT0, 1325223616105TRXT0",3000,FREE
C23570R16RHTTLHM02,"1325223616105HRHT0, 1325223616105TRXT0",3000,FREE
C26565R17RHTTLGC01,1325226517112HRHT0,3000,FREE
C26565R17RHTTLGC02,1325226517112HRHT0,3000,FREE
C26565R17RHTTLHM01,1325226517112HRHT0,3000,FREE
C26565R17RHTTLHM02,1325226517112HRHT0,3000,FREE
CP22550R17UX1THM01,1325222217098VUX10,3000,FREE
CP22550R17UX1THM02,1325222217098VUX10,3000,FREE
CP22550R17UX1TMK01,1325222217098VUX10,3000,FREE
CP22550R17UX1TMK02,1325222217098VUX10,3000,FREE
CP23555R17UX1TMK01,"1325223317099VUX10, 1325223317103VUX10",3000,FREE
CP23555R17UX1TMK02,"1325223317099VUX10, 1325223317103VUX10",3000,FREE
C16570R14UXTTLHM01,1325216614081SUTR0,1725,24822
C16570R14UXTTLHM02,1325216614081SUTR0,1776,24809
C16570R14UXTTLHM03,1325216614081SUTR0,1776,24809
C16570R14UXTTLHM04,1325216614081SUTR0,1725,24822
C16580R14ELZTHM01,1325216814085SUTR0,3000,FREE
C16580R14ELZTHM04,1325216814085SUTR0,3000,FREE
C16580R14ELZTGC02,1325216814085SUTR0,3000,FREE
C16580R14ELZTGC05,1325216814085SUTR0,3000,FREE
B17565R14UXROLGC01,1325217514082HURL2,3000,FREE
B17565R14UXROLGC02,1325217514082HURL2,3000,FREE
B17565R14UXROLGC03,1325217514082HURL2,3000,FREE
B17565R14UXROLGC04,1325217514082HURL2,3000,FREE
B17565R14UXROLGC05,1325217514082HURL2,3000,FREE
B17565R14UXROLGC06,1325217514082HURL2,3000,FREE
B17565R14UXROLGC07,1325217514082HURL2,2548,75228
B17565R14UXROLGC08,1325217514082HURL2,2548,75228
C17570R13ULNTLGC03,1325217613082TUNE0,2698,4921
C17570R13ULNTLGC04,1325217613082TUNE0,2698,4921
C17570R13ULNTLGC05,1325217613082TUNE0,1828,4924
C17570R13ULNTLGC06,1325217613082TUNE0,1828,4924
B1757013ULTNEOGC01,1325217613082TUNE2,1308,24817
B1757013ULTNEOGC02,1325217613082TUNE2,1308,24817
B1757013ULTNEOGC03,1325217613082TUNE2,3000,FREE
B1757013ULTNEOGC04,1325217613082TUNE2,3000,FREE
B2156017UXRSMHMI01,1325221417100HURS0,3000,FREE
B2156017UXRSMHMI02,1325221417100HURS0,3000,FREE
B1658014UXRSMHMI01,1325216814085TURS0,3000,FREE
B1658014UXRSMHMI02,1325216814085TURS0,3000,FREE
B1856515UXRSMHMI01,1325218515088TURS0,3000,FREE
B1856515UXRSMHMI02,1325218515088TURS0,3000,FREE
B2156016UXRSMHMI01,1325221416095VURS0,3000,FREE
B2156016UXRSMHMI02,1325221416095VURS0,3000,FREE
C21555R17TLTY01,1325221317098VUX10,3000,FREE
C21555R17TLTY02,1325221317098VUX10,3000,FREE
C21555R17TLTY03,1325221317098VUX10,3000,FREE
C21555R17TLTY04,1325221317098VUX10,3000,FREE
nan, ,3000,FREE
