Machine,Available_Mins,Used_Mins,Idle_Mins,Utilization_Pct,SKUs_Count,Total_Cycles,Total_Units
14811,44640,44640.0,0.0,100.0,1.0,0.0,4464.0
75210,44640,44640.0,0.0,100.0,1.0,0.0,4464.0
54801,44640,44640.0,0.0,100.0,1.0,0.0,5580.0
75207,44640,44640.0,0.0,100.0,1.0,0.0,4464.0
9409,44640,44631.0,9.0,99.98,1.0,0.0,4742.0
4407,44640,44631.0,9.0,99.98,1.0,0.0,3068.0
4921,44640,44631.0,9.0,99.98,1.0,0.0,3068.0
4802,44640,44631.0,9.0,99.98,1.0,0.0,4742.0
9411,44640,44631.0,9.0,99.98,1.0,0.0,4742.0
4406,44640,44631.0,9.0,99.98,1.0,0.0,4742.0
14806,44640,44520.0,120.0,99.73,1.0,0.0,5565.0
9802,44640,44520.0,120.0,99.73,1.0,0.0,5565.0
9407,44640,44520.0,120.0,99.73,1.0,0.0,5936.0
4411,44640,44520.0,120.0,99.73,1.0,0.0,5936.0
9408,44640,44520.0,120.0,99.73,1.0,0.0,4730.0
9804,44640,44520.0,120.0,99.73,1.0,0.0,5565.0
9505,44640,44340.0,300.0,99.33,2.0,663.0,5051.0
75222,44640,44340.0,300.0,99.33,2.0,396.0,4434.0
9203,44640,44337.0,303.0,99.32,2.0,505.0,4735.0
24820,44640,44338.0,302.0,99.32,2.0,2041.0,4731.0
24808,44640,44336.0,304.0,99.32,2.0,128.0,5510.0
9413,44640,44336.0,304.0,99.32,2.0,1904.0,4893.0
8601,44640,44334.0,306.0,99.31,2.0,1294.0,4198.0
4918,44640,44334.0,306.0,99.31,2.0,647.0,2904.0
9703,44640,44334.0,306.0,99.31,2.0,647.0,2904.0
9001,44640,44334.0,306.0,99.31,2.0,1294.0,4198.0
75213,44640,44331.0,309.0,99.31,2.0,1355.0,5372.0
24805,44640,44333.0,307.0,99.31,2.0,934.0,5662.0
14810,44640,44329.0,311.0,99.3,2.0,14.0,3334.0
4902,44640,44328.0,312.0,99.3,2.0,924.0,3458.0
4908,44640,44325.0,315.0,99.29,2.0,25.0,2950.0
75211,44640,44324.0,316.0,99.29,2.0,1212.0,5086.0
4403,44640,44320.0,320.0,99.28,2.0,1043.0,3627.0
9404,44640,44320.0,320.0,99.28,2.0,373.0,3102.0
4910,44640,44312.0,328.0,99.27,2.0,708.0,3050.0
4417,44640,44304.0,336.0,99.25,2.0,1142.0,3890.0
15208,44640,44219.0,421.0,99.06,2.0,8.0,3323.0
9406,44640,44220.0,420.0,99.06,2.0,1021.0,5896.0
4415,44640,44214.0,426.0,99.05,2.0,44.0,5170.0
24810,44640,44218.0,422.0,99.05,2.0,1364.0,5532.0
4404,44640,44214.0,426.0,99.05,2.0,22.0,5126.0
75230,44640,44215.0,425.0,99.05,2.0,153.0,5240.0
14805,44640,44208.0,432.0,99.03,2.0,928.0,4893.0
8603,44640,44202.0,438.0,99.02,2.0,26.0,2952.0
75227,44640,44127.0,513.0,98.85,2.0,6.0,3314.0
14808,44640,44091.0,549.0,98.77,1.0,0.0,3306.0
4401,44640,44040.0,600.0,98.66,3.0,2722.0,5776.0
9414,44640,44035.0,605.0,98.64,3.0,715.0,2969.0
75229,44640,44026.0,614.0,98.62,3.0,2261.0,5169.0
4414,44640,43996.0,644.0,98.56,3.0,1194.0,3994.0
4412,44640,43989.0,651.0,98.54,3.0,677.0,2960.0
75216,44640,43911.0,729.0,98.37,3.0,423.0,4488.0
9002,44640,43803.0,837.0,98.12,2.0,626.0,2828.0
9403,44640,43592.0,1048.0,97.65,3.0,684.0,3002.0
9503,44640,43554.0,1086.0,97.57,1.0,0.0,5083.0
9502,44640,43554.0,1086.0,97.57,1.0,0.0,5083.0
4409,44640,43554.0,1086.0,97.57,1.0,0.0,5083.0
8701,44640,43500.0,1140.0,97.45,1.0,0.0,2900.0
8602,44640,43500.0,1140.0,97.45,1.0,0.0,2900.0
9202,44640,43470.0,1170.0,97.38,1.0,0.0,2898.0
24824,44640,43452.0,1188.0,97.34,1.0,0.0,5071.0
14802,44640,42975.0,1665.0,96.27,1.0,0.0,5730.0
75208,44640,42051.0,2589.0,94.2,2.0,971.0,4977.0
24818,44640,42032.0,2608.0,94.16,1.0,0.0,5254.0
4924,44640,40464.0,4176.0,90.65,1.0,0.0,5058.0
24826,44640,39766.0,4874.0,89.08,2.0,1171.0,5146.0
9201,44640,39538.0,5102.0,88.57,2.0,690.0,2998.0
54803,44640,39472.0,5168.0,88.42,1.0,0.0,4934.0
54804,44640,39472.0,5168.0,88.42,1.0,0.0,4934.0
24812,44640,38220.0,6420.0,85.62,2.0,564.0,4165.0
75214,44640,38168.0,6472.0,85.5,2.0,478.0,4097.0
15207,44640,37747.0,6893.0,84.56,2.0,1539.0,4526.0
75220,44640,37485.0,7155.0,83.97,1.0,0.0,4373.0
75223,44640,37200.0,7440.0,83.33,2.0,39.0,3720.0
75212,44640,36420.0,8220.0,81.59,1.0,0.0,3642.0
75224,44640,34175.0,10465.0,76.56,2.0,417.0,3490.0
75201,44640,33995.0,10645.0,76.15,3.0,747.0,4156.0
9410,44640,33732.0,10908.0,75.56,1.0,0.0,3725.0
9506,44640,33732.0,10908.0,75.56,1.0,0.0,3725.0
9507,44640,33732.0,10908.0,75.56,1.0,0.0,3725.0
4413,44640,32620.0,12020.0,73.07,2.0,481.0,2572.0
9405,44640,31929.0,12711.0,71.53,2.0,112.0,4078.0
4408,44640,31923.0,12717.0,71.51,3.0,723.0,3396.0
14803,44640,31840.0,12800.0,71.33,2.0,17.0,3980.0
24804,44640,31568.0,13072.0,70.72,1.0,0.0,3946.0
24803,44640,31568.0,13072.0,70.72,1.0,0.0,3946.0
15202,44640,31540.0,13100.0,70.65,1.0,0.0,3154.0
15201,44640,31473.0,13167.0,70.5,2.0,1068.0,4054.0
75228,44640,30130.0,14510.0,67.5,2.0,150.0,3088.0
24809,44640,29757.0,14883.0,66.66,3.0,1012.0,3818.0
15206,44640,29754.0,14886.0,66.65,2.0,150.0,3337.0
75221,44640,29564.0,15076.0,66.23,1.0,0.0,3141.0
9402,44640,28905.0,15735.0,64.75,1.0,0.0,3854.0
9504,44640,28905.0,15735.0,64.75,1.0,0.0,3854.0
4405,44640,28537.0,16103.0,63.93,2.0,204.0,1949.0
14813,44640,28470.0,16170.0,63.78,2.0,1.0,3796.0
24814,44640,28084.0,16556.0,62.91,2.0,1.0,3510.0
15203,44640,28064.0,16576.0,62.87,1.0,0.0,3508.0
15211,44640,28064.0,16576.0,62.87,1.0,0.0,3508.0
14807,44640,28048.0,16592.0,62.83,1.0,0.0,3506.0
24821,44640,27696.0,16944.0,62.04,1.0,0.0,3462.0
15210,44640,27504.0,17136.0,61.61,1.0,0.0,3037.0
4402,44640,25590.0,19050.0,57.33,2.0,167.0,1875.0
4923,44640,25048.0,19592.0,56.11,1.0,0.0,1618.0
9702,44640,25017.0,19623.0,56.04,1.0,0.0,1616.0
4901,44640,24924.0,19716.0,55.83,1.0,0.0,1610.0
4410,44640,24924.0,19716.0,55.83,1.0,0.0,1610.0
4903,44640,24924.0,19716.0,55.83,1.0,0.0,1610.0
8604,44640,24924.0,19716.0,55.83,1.0,0.0,1610.0
9412,44640,24924.0,19716.0,55.83,1.0,0.0,1610.0
4916,44640,24924.0,19716.0,55.83,1.0,0.0,1610.0
4919,44640,24924.0,19716.0,55.83,1.0,0.0,1610.0
8605,44640,24924.0,19716.0,55.83,1.0,0.0,1610.0
4917,44640,24924.0,19716.0,55.83,1.0,0.0,1610.0
4909,44640,24924.0,19716.0,55.83,1.0,0.0,1610.0
8606,44640,24924.0,19716.0,55.83,1.0,0.0,1610.0
4922,44640,24924.0,19716.0,55.83,1.0,0.0,1610.0
9401,44640,24924.0,19716.0,55.83,1.0,0.0,1610.0
4925,44640,24924.0,19716.0,55.83,1.0,0.0,1610.0
9701,44640,24924.0,19716.0,55.83,1.0,0.0,1610.0
4907,44640,24924.0,19716.0,55.83,1.0,0.0,1610.0
9704,44640,24862.0,19778.0,55.69,1.0,0.0,1606.0
4801,44640,23072.0,21568.0,51.68,1.0,0.0,1634.0
4904,44640,23072.0,21568.0,51.68,1.0,0.0,1634.0
4912,44640,22932.0,21708.0,51.37,1.0,0.0,2197.0
4911,44640,22932.0,21708.0,51.37,1.0,0.0,2197.0
14809,44640,22049.0,22591.0,49.39,1.0,0.0,2573.0
75217,44640,21564.0,23076.0,48.31,2.0,499.0,2446.0
75215,44640,21320.0,23320.0,47.76,2.0,16.0,2832.0
75204,44640,21296.0,23344.0,47.71,1.0,0.0,2662.0
75218,44640,21296.0,23344.0,47.71,1.0,0.0,2662.0
75203,44640,21030.0,23610.0,47.11,1.0,0.0,2804.0
24825,44640,21030.0,23610.0,47.11,1.0,0.0,2804.0
75209,44640,21030.0,23610.0,47.11,1.0,0.0,2804.0
24816,44640,21030.0,23610.0,47.11,1.0,0.0,2804.0
24815,44640,21030.0,23610.0,47.11,1.0,0.0,2804.0
24813,44640,21030.0,23610.0,47.11,1.0,0.0,2804.0
14812,44640,21030.0,23610.0,47.11,1.0,0.0,2804.0
24811,44640,21030.0,23610.0,47.11,1.0,0.0,2804.0
15205,44640,21030.0,23610.0,47.11,1.0,0.0,2804.0
24807,44640,21030.0,23610.0,47.11,1.0,0.0,2804.0
24802,44640,21030.0,23610.0,47.11,1.0,0.0,2804.0
4416,44640,18217.0,26423.0,40.81,4.0,125.0,1335.0
24817,44640,15786.0,28854.0,35.36,1.0,0.0,1743.0
4906,44640,15776.0,28864.0,35.34,1.0,0.0,1085.0
24801,44640,15616.0,29024.0,34.98,1.0,0.0,1952.0
75202,44640,13996.0,30644.0,31.35,2.0,134.0,1716.0
24822,44640,13455.0,31185.0,30.14,1.0,0.0,1794.0
4905,44640,13365.0,31275.0,29.94,1.0,405.0,810.0
75219,44640,11584.0,33056.0,25.95,1.0,0.0,1448.0
75205,44640,11584.0,33056.0,25.95,1.0,0.0,1448.0
75225,44640,11568.0,33072.0,25.91,1.0,0.0,1446.0
54802,44640,11552.0,33088.0,25.88,1.0,0.0,1444.0
14801,44640,11552.0,33088.0,25.88,1.0,0.0,1444.0
4920,44640,11440.0,33200.0,25.63,1.0,0.0,1430.0
4915,44640,11440.0,33200.0,25.63,1.0,0.0,1430.0
24819,44640,11254.0,33386.0,25.21,1.0,0.0,1313.0
15209,44640,9999.0,34641.0,22.4,2.0,47.0,1258.0
24823,44640,7758.0,36882.0,17.38,2.0,150.0,943.0
15212,44640,7456.0,37184.0,16.7,1.0,0.0,932.0
24806,44640,7456.0,37184.0,16.7,1.0,0.0,932.0
14804,44640,6762.0,37878.0,15.15,3.0,75.0,795.0
15204,44640,6669.0,37971.0,14.94,2.0,74.0,797.0
75206,44640,6183.0,38457.0,13.85,3.0,33.0,715.0
15213,44640,6151.0,38489.0,13.78,4.0,37.0,719.0
75226,44640,5569.0,39071.0,12.48,5.0,169.0,670.0
8702,44640,4457.0,40183.0,9.98,6.0,196.0,392.0
4914,44640,176.0,44464.0,0.39,1.0,0.0,22.0
4913,44640,176.0,44464.0,0.39,1.0,0.0,22.0
9803,44640,0.0,44640.0,0.0,0.0,0.0,0.0
